node, chunk
1,0
3055,0
3088,0
3144,0
3750,0
3752,0
3986,0
4460,0
5791,0
5802,0
6239,0
6253,0
6289,0
6339,0
6454,0
6455,0
6549,0
6579,0
6596,0
6613,0
6645,0
6850,0
6973,11
6978,11
6997,11
7004,11
7029,11
7038,11
7044,11
7048,11
7054,11
7061,11
7064,11
7067,11
7070,11
7084,11
7091,10
7092,10
7102,9
7107,9
7108,9
7109,9
7111,9
7113,9
7116,10
7130,10
7137,10
7141,10
7153,1
7159,1
7160,1
7165,1
7167,1
7168,1
7173,1
7176,1
7200,1
7213,1
7215,1
7217,1
7218,1
7220,1
7222,1
7224,1
7225,1
7226,1
7227,1
7229,1
7230,1
7232,1
7233,1
7234,1
7237,1
7238,1
7240,1
7241,1
7244,1
7245,1
7248,1
7249,1
7251,1
7252,1
7257,1
7260,1
7263,1
7266,1
7274,1
7282,1
7291,1
7368,1
7370,1
7373,1
7375,1
7380,1
7385,1
7386,1
7394,1
7395,1
7398,1
7416,4
7421,4
7425,4
7426,4
7427,4
7445,4
7446,4
7454,4
7460,4
7462,4
7463,4
7493,4
7515,11
7536,11
7539,11
7604,8
7609,8
7611,8
7742,0
7753,8
7757,8
7764,8
7830,8
7868,8
7906,7
7913,7
7918,7
7932,7
7936,7
7938,7
7950,5
7953,5
7954,5
7955,5
7957,5
7962,5
7965,5
7994,5
7998,5
8005,5
8010,7
8017,7
8018,7
8019,7
8022,7
8023,7
8030,7
8032,7
8033,7
8040,7
8049,7
8056,7
8074,6
8078,7
8081,7
8083,7
8084,7
8090,7
8103,6
8128,7
8150,7
8153,7
8154,7
8161,7
8167,6
8168,6
8175,6
8177,6
8187,7
8208,6
8218,6
8236,7
8238,7
8255,7
8267,7
8284,5
8296,8
8355,8
8364,8
8384,8
8386,8
8407,8
8457,0
8459,2
8467,2
8469,2
8475,2
8477,2
8478,2
8486,2
8496,2
8502,2
8508,8
8519,8
8524,8
8616,8
8628,8
8630,8
8663,8
8673,8
8724,8
8729,8
8742,8
8773,8
8787,2
8790,2
8795,2
8797,2
8805,2
8823,2
8824,2
8839,2
8840,2
8845,2
8846,2
8851,2
8853,2
8868,2
8869,2
8884,2
8897,2
8905,2
8932,2
8947,2
8954,2
8957,2
8969,2
8996,2
9002,2
9009,2
9014,2
9031,2
9049,2
9050,2
9054,2
9065,2
9089,2
9103,2
9117,2
9121,2
9132,2
9135,2
9157,2
9160,2
9163,2
9172,2
9176,2
9191,2
9209,2
9218,2
9226,2
9228,2
9233,2
9234,2
9238,2
9240,2
9244,2
9252,2
9255,3
9258,3
9263,3
9305,3
9315,3
9337,3
9347,3
9348,3
9355,3
9358,3
9361,3
9365,3
9371,3
9392,3
9397,3
9402,3
9407,3
9413,3
9417,3
9423,3
9430,3
9433,3
9438,3
9443,3
9447,3
9460,3
9470,3
9479,3
9483,3
9491,3
9509,3
9514,3
9515,3
9516,3
9526,3
9531,3
9538,3
9541,3
9543,3
9544,3
9545,3
9555,3
9561,3
9565,3
9568,3
9589,3
9590,3
9593,3
9595,3
9597,3
9598,3
9600,3
9601,3
9604,3
9605,3
9606,3
9612,3
9615,3
9622,3
9624,3
9627,3
9643,3
9644,3
9646,3
9649,3
9657,3
9664,3
9668,3
9669,3
9672,3
9678,3
9680,3
9685,3
9689,3
9690,3
9691,3
9694,3
9696,3
9704,3
9707,3
9711,3
9713,3
9715,3
9716,3
9720,3
9725,3
9731,3
9733,3
9739,3
9742,3
9749,3
9755,3
9760,3
9764,3
9767,3
9770,3
9771,3
9778,3
9783,3
9785,3
9787,3
9793,3
9796,3
9798,3
9801,3
9802,3
9805,3
9807,3
9813,3
9818,3
9823,3
9833,3
9837,3
9838,3
9840,3
9843,3
9844,3
9849,3
9852,3
9860,3
9870,3
9874,3
9877,3
9883,3
9886,3
9888,3
9891,3
9897,3
9899,3
9901,3
9904,3
9913,3
9915,3
9923,3
9925,3
9927,3
9938,3
9940,3
9970,3
9974,3
9978,3
9986,3
9989,3
9993,3
9994,3
9995,3
9999,3
10020,3
10023,3
10029,3
10036,3
10041,3
10042,3
10047,3
10060,3
10066,3
10068,3
10085,3
10088,3
10089,3
10090,3
10093,3
10096,3
10103,3
10105,3
10112,3
10116,3
10117,3
10137,3
10141,3
10149,3
10157,3
10160,3
10166,3
10169,3
10181,3
10183,3
10224,8
12930,2
12957,4
13037,10
13114,2
13146,2
13164,11
13180,2
13233,11
13245,2
13249,11
13262,11
13397,8
13489,6
13515,3
13616,3
13632,1
13686,4
13735,2
13746,2
27454,1
27457,1
27615,3
27622,3
27642,3
27675,3
27679,3
27687,7
27704,5
27706,6
27794,2
27835,0
27923,0
28377,8
28584,1
28588,1
28610,1
28612,1
28689,2
28697,2
28711,2
28713,2
28716,2
28724,2
28737,3
28743,7
28829,7
29029,1
29030,1
29031,1
29053,4
29057,10
29058,9
29064,3
29073,3
29078,3
29088,3
29091,3
29092,3
29137,3
29139,3
29144,5
29158,0
29159,0
29656,0
30018,1
30019,1
30023,1
30025,1
30033,1
30065,1
30066,1
30068,1
30069,1
30076,11
30191,4
30194,4
30195,4
30201,4
30207,4
30212,4
30213,4
30317,8
30331,8
30357,8
30388,2
30410,2
30419,2
30423,2
30455,2
30456,2
30457,2
30461,2
30464,2
30521,3
30522,3
30527,3
30538,3
30551,3
30586,3
30589,3
30602,3
30608,3
30611,3
30640,3
30732,7
31033,6
31142,8
31869,3
32389,4
32443,0
32473,7
32523,0
32524,0
32525,3
32536,3
33208,0
33317,0
33412,10
33416,10
33418,10
33423,10
33425,10
33427,10
33428,10
33429,10
33440,10
33441,10
33442,10
33444,10
33455,10
33457,10
33528,7
33548,3
33553,3
33554,3
33556,3
33562,3
33584,2
33598,2
33601,2
33616,2
34620,0
34682,1
34690,1
34691,1
34720,4
34729,4
34739,10
34773,5
34785,7
34787,6
34816,6
34827,3
34839,3
34842,3
34844,3
34846,3
34873,3
34875,3
34880,3
34882,3
34884,3
34886,3
34903,2
34926,2
34956,2
34996,8
35005,8
35523,11
35570,1
35657,5
35658,3
35670,8
36166,1
36176,8
36185,7
36190,6
36200,6
36212,7
36226,3
36227,3
36239,3
36248,2
36249,2
36263,2
36268,2
36275,2
36300,2
36667,11
36722,3
36723,3
36987,11
37001,1
37003,7
37032,3
37040,2
37042,2
37046,2
37079,2
37080,2
37081,2
37083,2
37174,3
37176,3
37181,3
37190,3
37273,7
37293,3
37344,4
37546,1
37548,3
37610,2
37627,4
37653,0
38123,11
38162,11
38358,1
38397,2
38527,5
38618,3
38626,3
38654,2
38669,3
38674,3
38772,2
38775,3
38881,0
38941,6
38942,0
39082,3
39086,3
39099,8
39107,3
39432,3
39466,9
39617,2
39621,2
39638,2
39758,1
39961,2
39963,2
40077,10
40085,10
40151,3
40217,2
40233,3
40366,1
40370,1
40674,3
40690,6
40692,6
40817,2
40818,2
40830,5
41101,11
41112,11
41139,11
41261,3
41426,3
41427,1
41447,7
41882,0
42026,1
42062,1
42100,3
42192,0
42254,3
42275,10
42410,3
42415,3
42514,5
42526,5
42563,5
42636,7
42648,7
42839,1
42896,1
43041,1
43146,11
43151,1
43179,3
43256,6
43316,2
43321,3
43332,3
43455,2
43580,2
43689,7
43700,7
43777,3
43780,3
44316,2
44318,2
44394,2
44477,4
44489,2
44507,2
44668,11
44679,11
45264,0
45351,0
45450,1
45479,3
45637,2
45779,10
45807,2
46245,1
46259,6
46513,2
46829,1
47180,3
47230,3
47281,0
47308,7
47314,1
47315,1
47692,2
47695,2
47969,7
48086,3
48139,3
48155,2
48193,7
48278,2
48396,2
48397,2
48426,2
48427,2
48435,2
48560,3
48668,5
48681,2
48698,7
48699,7
48701,7
48709,11
48723,3
48745,3
48752,3
48849,2
48850,3
48883,2
48891,2
50251,2
50390,11
50392,2
50402,2
50954,3
51154,3
51298,3
51337,3
51338,3
51342,3
51346,3
51355,2
51650,11
51655,10
51695,0
51858,8
51900,2
51906,2
52224,8
52239,6
52612,11
52622,2
52644,2
52647,2
52653,7
52664,7
52719,1
52777,2
52904,7
53275,3
54017,2
54023,2
54059,2
54126,0
54131,3
54133,3
54180,3
54317,6
54343,6
54356,2
54359,2
54369,2
54374,2
54380,2
54383,2
54386,2
54508,2
54600,3
54601,3
54971,2
55057,9
55149,3
55544,2
55550,2
55661,2
56067,2
56068,2
56069,2
56086,11
56194,3
56258,2
56262,2
56311,2
56313,2
56343,2
56364,9
56622,4
56716,6
56723,6
56726,6
56798,3
57062,11
57068,2
57237,2
57240,2
57247,2
57397,2
57412,2
57421,2
57439,2
57737,3
57865,6
57926,0
58065,3
58069,3
58203,2
58323,5
58824,10
59463,3
59472,3
59474,3
59476,3
59479,3
59527,3
59534,3
59538,3
59542,3
59556,3
59729,2
59861,7
59894,2
59899,5
59916,1
60409,7
60468,2
60711,3
60746,3
61156,3
61221,8
61376,3
61379,3
61383,3
61384,3
61388,3
61472,11
61474,11
61476,11
61478,11
61482,11
61484,11
61621,3
61622,3
61643,6
61819,7
61853,3
62018,11
62062,7
62324,1
62749,11
63121,8
63155,7
63433,4
63434,4
63436,4
63976,10
63990,10
64144,7
64176,8
64278,2
64391,11
64459,10
64668,2
64717,3
64791,4
64793,4
64799,2
64802,2
64838,4
65476,8
65598,4
66420,10
66442,3
66444,3
66707,2
66713,0
66913,5
67531,1
67533,1
67534,1
67767,4
67801,1
67830,0
68294,2
68408,3
68415,3
68464,7
68486,2
68497,2
69004,1
69234,7
69293,6
69297,3
69308,3
69311,3
69319,4
69332,0
69355,11
69811,5
69820,9
70433,6
70687,3
70778,0
71006,3
71117,3
71119,3
71854,3
72004,3
72105,6
72248,10
72267,4
72446,5
72542,3
72544,3
72781,4
72791,4
73157,1
73324,2
73327,2
73330,2
73333,2
73337,3
73917,1
74200,2
74533,3
74869,1
74873,1
74909,2
74926,2
74940,7
75152,4
75162,4
75169,4
75352,5
75366,5
75485,2
75864,2
75869,2
75917,4
76066,8
76193,10
76194,10
76198,10
76199,10
76206,10
76338,6
76340,6
76712,1
76717,3
76990,4
77115,7
77151,3
77166,11
77214,3
77252,10
77598,3
77932,3
78185,4
78217,2
78633,10
78897,9
79626,2
79627,2
79633,2
79643,2
79653,2
79684,3
79782,11
79784,3
79805,3
80427,8
80765,11
80833,0
80966,7
80972,7
81572,3
81927,2
82127,3
82366,7
82595,10
82600,10
83376,2
83485,4
83487,10
83647,11
84645,5
84702,3
84834,2
85066,2
85069,2
85105,2
85120,1
85443,4
85444,4
85585,10
85660,4
86224,7
86971,4
86973,3
87175,2
87288,3
88005,0
88029,3
88036,0
88082,8
88087,8
88112,2
88201,7
88217,4
88501,4
88514,4
88531,4
88556,11
88686,1
88925,0
89197,0
89248,3
89386,2
89399,3
89462,3
89632,3
89673,3
90247,3
90988,5
91212,0
91411,4
91422,4
91561,3
91738,10
91739,10
91767,2
91951,2
92683,2
92688,2
93162,3
93163,3
93504,10
93934,2
94109,1
94128,4
94188,3
94232,6
94237,6
94827,2
94885,8
94893,8
94911,7
94953,6
94963,3
95170,0
95593,10
95620,8
95912,3
96440,8
96539,2
97097,2
97206,3
98310,0
98964,2
99837,3
99882,2
99883,6
100190,7
100784,2
100819,2
100952,6
101364,5
101932,10
103372,4
103600,3
103695,8
103765,1
103775,1
103933,4
103944,8
103956,2
104421,4
104447,10
104452,10
104460,10
104474,10
104476,10
104658,7
104688,1
105023,7
105785,11
106582,7
106734,2
107208,2
108405,2
108852,3
108858,3
108931,11
108974,4
109027,11
109280,7
109356,1
109478,3
109678,3
109905,6
110193,11
110368,10
110676,2
111784,7
111811,2
111838,3
111875,1
111881,10
111903,10
111917,10
111923,10
112262,3
112268,1
113103,11
113115,2
113330,10
113334,10
113540,7
113544,7
114276,2
114329,2
114331,2
114369,2
114398,0
115081,4
115100,4
115357,11
115425,1
115618,2
116121,10
116126,9
116130,9
116150,10
116153,11
116960,3
117165,2
117534,11
117571,0
118141,7
118183,2
118200,2
118793,2
118797,3
118798,3
118852,3
119488,6
119604,1
120794,2
121224,11
121488,0
121530,2
121554,0
121845,11
122231,3
123217,1
123683,7
123851,11
124412,10
125297,2
125878,8
125945,1
126373,7
126836,2
127322,10
127582,3
127929,2
128390,2
129108,7
129224,3
129397,10
130686,4
130704,4
130708,4
130825,3
132113,4
132243,1
132585,2
132908,3
133082,11
133901,11
134902,2
134920,6
135165,2
135168,2
135433,2
135441,2
135761,6
135764,6
135765,6
135921,11
135972,2
136037,11
137070,1
137072,1
137074,1
137078,1
137178,0
137246,8
137355,1
137520,7
137541,2
137693,0
138070,10
139649,1
139677,1
139723,1
140453,0
141832,0
141839,2
142471,2
143287,3
143291,3
143292,3
143302,3
143351,3
143606,5
143630,8
143722,11
143724,11
143735,11
143948,11
143950,11
143995,4
144034,4
144197,7
146810,6
146911,8
146921,7
148065,3
148594,2
148810,4
148989,5
150288,7
151541,10
151549,10
152616,10
153643,2
154130,1
154832,1
155063,5
155067,5
156170,2
156304,4
156561,2
156563,2
156759,2
156760,2
157728,0
158441,11
158456,7
158624,11
158812,8
158814,2
159581,2
159646,8
160400,3
160708,6
160734,6
160748,0
160761,2
161013,11
161453,7
161584,7
161590,7
161649,2
161653,2
161742,2
161767,7
161770,10
163118,7
163134,6
164674,2
165858,10
166361,11
166423,4
166741,7
168631,10
170555,11
170557,11
170625,1
171122,3
171585,10
171594,10
171605,10
171736,6
171913,10
171915,10
171916,10
171917,10
171918,10
172413,2
172684,2
172689,2
172690,2
173247,7
173321,7
173339,7
174628,1
174822,9
175120,2
175131,2
175529,2
175774,5
175797,5
175798,5
176013,2
176015,2
176024,2
176039,2
176057,2
176066,2
176074,2
176115,3
176938,2
176943,2
177089,11
177155,2
178035,4
178133,0
179674,9
179676,1
181096,2
181099,2
181119,2
181461,7
181472,7
181631,2
181839,2
182669,3
182895,2
182897,2
183150,7
183418,4
183661,3
183749,3
184059,4
185453,3
185578,1
186443,2
186474,3
186990,3
187106,2
187382,2
187383,2
187437,2
187451,2
187685,11
187695,11
187706,11
188133,7
188135,7
188136,7
188344,2
188379,2
188791,7
189058,3
189258,1
189513,11
189839,11
189913,10
189979,1
190295,2
190331,10
190356,10
190661,2
190676,2
191398,10
191418,10
191431,3
191816,3
192404,3
194338,2
194366,5
195168,11
195172,11
195615,7
195821,7
195883,11
197043,11
197152,11
198433,1
198635,1
198719,1
198806,2
198938,2
198940,2
199890,1
199937,4
200407,4
201329,2
201502,1
201766,11
202137,11
202456,11
202533,0
202808,4
202946,2
203781,10
203782,10
204567,1
205130,7
207598,3
207624,4
207636,4
207650,4
207806,4
208069,2
208073,2
208333,7
208481,4
208972,3
208979,4
209166,5
209618,2
209779,2
210139,7
210632,7
210647,3
210652,3
210855,6
211228,4
211598,2
211916,2
211967,2
214171,9
214277,9
214431,6
214438,2
214486,6
214514,3
214812,6
215358,6
215402,7
216125,0
216574,2
217165,11
217217,4
217443,4
217634,11
218760,10
219539,1
219545,5
219594,2
219595,2
219809,4
219812,4
219896,0
220873,0
221966,2
222816,4
223228,11
223781,2
224129,11
224669,2
225387,6
225398,2
225400,3
226149,1
226151,1
227169,2
227182,2
227184,2
227192,2
227226,2
227228,2
227532,10
227619,11
228250,6
228252,6
230833,3
230844,3
233158,10
234690,3
235516,11
235915,3
236788,9
236850,1
236851,1
237420,2
237433,2
237438,2
238572,10
239371,2
239386,2
240154,6
240159,6
240162,6
240163,6
240201,2
240206,2
240209,2
240729,2
240832,7
240869,1
241271,6
241346,6
241437,2
241442,5
241585,2
241587,2
242068,5
242267,10
243059,2
243314,2
243708,7
243888,2
244254,1
244447,7
244518,7
245042,2
246437,3
246452,4
247415,11
247671,2
248309,10
248310,10
248311,10
248312,10
248313,10
248314,10
248454,11
249251,10
251359,2
252295,10
252483,11
252671,0
252798,2
253017,0
253715,4
254363,9
254446,2
254448,2
254528,2
254539,2
254552,2
254557,2
254575,2
254652,2
256136,0
256693,2
257627,0
257759,0
257818,2
257879,3
258930,3
259920,8
260615,2
260767,5
260995,8
261741,3
261815,4
262131,2
263140,1
263933,10
265386,10
265454,10
265458,1
265632,2
266360,2
268709,10
269057,7
269412,2
270466,10
270525,4
270528,4
270529,4
270537,7
271503,6
272121,3
272628,10
273407,1
273409,1
273748,11
273928,11
274613,11
274622,2
278164,5
278856,10
279965,2
279966,2
282391,10
283035,6
283848,10
283855,10
286419,3
286706,11
287016,2
287197,10
287375,10
290523,6
291302,3
291688,10
291819,5
292152,4
292154,4
292155,4
292159,4
292309,11
292402,1
293821,6
295700,11
296741,2
297284,3
297711,2
298831,2
299123,2
300111,4
300306,7
300413,6
300877,3
301037,10
302047,7
302098,3
302527,2
303304,2
303518,7
304459,6
307491,11
307492,11
307507,0
307658,4
307955,5
307959,5
307972,8
308060,2
309970,4
310279,4
310282,4
310352,3
310571,6
310712,3
310713,3
310714,3
310752,3
310794,10
310795,10
310899,0
310915,5
311356,2
311401,2
311790,3
311874,4
311890,2
311895,2
311897,2
311901,2
312124,2
312236,1
313498,0
314146,3
314147,3
314293,3
314295,3
315492,6
315563,1
315576,1
320037,9
321084,2
321398,2
321403,7
322563,7
322582,2
323312,1
323313,1
323379,3
325343,2
325643,11
326083,3
326594,4
327003,5
328815,2
329620,3
330464,3
331036,3
331333,10
331713,4
332384,11
333673,2
334116,10
334908,6
335091,2
335395,2
335469,9
336983,3
337173,2
337444,2
337641,5
339999,3
340076,3
342381,2
343691,1
345155,2
345164,2
345258,2
345573,2
346610,4
346838,11
347359,11
348688,11
351381,4
354439,11
355587,11
355685,8
357074,2
358128,3
359927,1
360224,2
361644,5
362091,4
363769,2
364589,2
365059,5
366454,2
367368,2
367763,0
369605,2
369639,5
370040,7
370605,11
371907,2
371916,2
371919,2
372326,2
373995,5
374264,1
374458,11
375764,7
375941,0
376895,7
376913,3
379532,3
381031,2
381198,2
381881,2
382315,2
386614,8
390379,7
391180,3
391341,2
395515,4
395520,4
395565,4
395577,4
396416,4
396775,6
400187,10
405009,10
407821,0
409849,7
411798,4
411963,9
414846,1
414876,1
415028,2
415978,3
417921,6
419612,3
419690,2
421273,4
422203,5
423510,9
424585,3
425635,2
425643,2
428466,8
432164,7
433405,6
433684,6
433685,6
435138,7
435218,7
437484,11
437488,10
437493,11
438506,11
439324,3
439328,3
439704,2
441047,10
441215,3
441366,7
441696,2
441894,2
441921,4
441929,4
443853,4
444401,4
445787,8
447135,3
447833,10
448029,6
449367,2
449384,2
449594,2
450177,2
451385,2
452646,3
452695,4
454923,4
456388,2
456900,4
458187,2
458190,2
458196,2
460826,4
461220,2
461239,2
461245,2
462259,1
463165,2
466727,11
467030,2
467774,10
468512,2
468822,1
469796,3
470939,11
471704,4
471713,2
472368,0
473156,0
473952,4
473964,2
478635,2
481813,2
482537,3
483260,11
483950,11
486640,4
488313,2
491861,3
493209,4
494514,3
495162,2
495550,5
499227,1
500656,4
506608,11
507594,2
516756,4
519845,2
520822,4
520884,10
522836,10
522848,10
527827,8
531929,4
535359,4
538958,10
543379,4
544895,10
545262,2
547948,2
548553,11
552050,11
555264,2
559131,11
559696,1
561572,4
564181,3
568069,1
569040,1
569046,1
571890,2
573617,10
576317,1
577407,10
586833,7
589841,2
591002,4
591936,3
594049,1
596942,1
597209,4
597456,4
600709,4
601510,4
602585,4
602633,4
602636,4
602682,4
602698,4
609295,4
610380,4
613196,1
613905,4
614051,2
614101,11
614211,11
623740,5
623744,5
625136,4
626378,2
627230,0
628798,4
629358,11
629360,11
631328,1
644661,10
649802,2
650015,2
653684,1
658922,2
662956,11
667144,2
667154,2
667186,2
670337,2
670352,2
670355,2
670356,2
670595,1
680683,10
681192,2
684658,4
685728,8
686327,0
686820,4
687455,3
688445,10
689058,9
690910,9
691633,10
691651,10
692089,10
693967,11
702717,10
703304,0
708063,9
714620,4
720584,2
720586,2
721137,10
721163,10
722662,10
722673,10
742174,11
743375,4
748215,10
748366,5
753189,9
753202,9
753204,9
753214,10
753216,9
758706,10
765876,11
767470,11
797021,2
797374,4
861768,7
863708,4
874455,9
874463,2
875880,9
875881,9
875883,10
875884,9
875885,9
876063,10
876679,3
878968,11
880429,0
881300,3
881891,4
882753,6
884340,10
884341,10
884342,10
885580,3
886794,2
889801,2
904206,2
909773,4
909778,4
909788,4
928822,1
931557,11
932028,2
932674,2
933632,8
934813,10
934828,10
934829,10
934839,10
934840,10
934876,10
934882,10
934915,10
934940,10
935657,4
938171,9
938226,9
938238,9
938393,7
941984,7
946358,7
979223,2
980415,8
987013,10
987419,9
987424,9
987431,9
987449,9
987859,9
987866,9
987872,9
987877,9
987893,9
987895,9
987902,9
987925,9
987935,9
987943,9
987953,10
987977,9
987983,9
987985,9
987995,9
988018,9
988019,9
988025,10
988041,9
988049,9
988056,9
988071,9
988081,9
988106,9
988125,9
988174,9
989769,10
990972,7
997540,9
997545,9
997551,9
998830,10
1026970,3
1027985,3
1041015,1
1041416,3
1047088,3
1049336,11
1086592,4
1088058,3
1088131,3
1094192,2
1096077,1
1100915,10
1100916,10
1100963,10
1101027,10
1101063,10
1101072,10
1101095,10
1101106,9
1101110,10
1108569,10
1109041,2
1109111,10
1116483,10
1118519,2
1118524,2
1118560,2
1118748,2
1118817,2
1124515,1
1124558,1
1126389,4
1132045,11
1142201,5
1155016,11
1160851,2
1160894,2
1167272,4
1172129,4
1187130,2
1190790,4
1190802,4
1194336,3
1195655,0
1196302,2
1203425,6
1206372,1
1207006,10
1207007,10
1210411,0
1210413,0
1218281,10
1218682,2
1219171,1
1220523,2
1221322,7
1226616,1
1230840,3
1234261,0
1234273,5
1240228,2
1248972,11
1250792,7
1262321,1
1266490,1
1270216,11
1271742,10
1275487,8
1291243,11
1291435,0
1295211,11
1323832,2
1328070,3
1333648,6
1337163,9
1347786,2
1352479,1
1352481,1
1352770,2
1365757,7
1371681,10
1373157,10
1381582,2
1387126,11
1411666,4
1415580,8
1419289,4
1419345,2
1437010,3
1437190,4
1437191,4
1453894,3
1463675,2
1463973,2
1477025,10
1485138,2
1486046,1
1492673,0
1496133,3
1497538,3
1497555,2
1501341,10
1507135,4
1511221,11
1518534,1
1519100,11
1530245,10
1534307,7
1535445,11
1549196,2
1553677,11
1559960,0
1560151,10
1564486,2
1566151,2
1569773,11
1572043,5
1572519,1
1577614,1
1577615,1
1577616,1
1577617,1
1577620,1
1577623,1
1577624,1
1579337,2
1582032,1
1582913,5
1588158,1
1594222,10
1594226,10
1594250,10
1594315,10
1594321,10
1594354,10
1594453,10
1594786,5
1604048,2
1606681,5
1608454,5
1608482,3
1608915,10
1608916,10
1608923,10
1608924,10
1629725,11
1661398,11
1666818,10
1667466,4
1676925,7
1717472,1
1747188,7
1756245,10
1756246,10
1758121,2
1765738,11
1778380,6
1825980,2
1840514,11
1841481,7
1857951,10
1857961,9
1868482,3
1869276,4
1869501,10
1869985,10
1870430,9
1870435,10
1870436,10
1871131,1
1875375,10
1882922,10
1891344,11
1897488,11
1906353,3
1918221,1
1918310,1
1922239,4
1935872,7
1948886,2
1961834,2
1962788,11
1973248,3
1977171,2
1977532,10
1982067,5
1983282,11
2004999,4
2006714,4
2006715,4
2010996,10
2010997,10
2014036,11
2015173,4
2024865,4
2026947,0
2038154,11
2052820,2
2059683,6
2065413,11
2069292,11
2069564,3
2164160,4
2201626,10
2249760,4
2282171,3
2302820,4
2303995,7
2340998,3
2448451,4
2478892,2
2485327,2
2487776,11
2489341,2
2492375,9
2494418,1
2495015,4
2495085,4
2495127,4
2495534,2
2498840,2
2499240,6
2508170,3
2518271,2
2518323,7
2529409,2
2546036,7
2558925,10
2561016,10
2562068,4
2581075,11
2583951,11
2583954,11
2584527,11
2584528,11
2585810,2
2585812,2
2585813,2
2585814,2
2585815,2
2585816,2
2585818,2
2585820,2
2585822,2
2587831,2
2589376,0
2593467,2
2654888,11
2663927,1
2663966,11
2668079,2
2691554,7
2705178,4
2714349,1
2715852,3
2717088,2
2723871,2
2740528,3
2741128,1
2743709,5
2767082,2
2795564,10
2795567,10
2795671,1
2795680,4
2795693,10
2796247,3
2817044,4
2822343,4
2829445,1
2830794,0
2871759,7
2879419,0
2893758,2
2916761,2
2917703,8
2918886,3
2919650,7
2920201,7
2920202,7
1358,0
2769,0
2850,0
2880,0
2903,0
3052,0
3067,0
3072,0
3077,0
3193,0
3218,0
3258,0
3261,0
3311,0
3325,0
3329,0
3330,0
3347,0
3349,0
3350,0
3352,0
3562,0
3641,0
3649,0
3656,0
3659,0
3661,0
3663,0
3694,0
3701,0
3702,0
3708,0
3710,0
3711,0
3712,0
3719,0
3749,0
3760,0
3767,0
3821,0
3827,0
3847,0
3877,0
3879,0
3880,0
3885,0
3888,0
3899,0
3904,0
3906,0
3908,0
3983,0
3988,0
4006,0
4039,0
4070,0
4072,0
4081,0
4083,0
4084,0
4087,0
4096,0
4097,0
4098,0
4100,0
4101,0
4102,0
4107,0
4111,0
4113,0
4120,0
4121,0
4151,0
4155,0
4236,0
4403,0
4432,0
4485,0
4486,0
4491,0
4498,0
4513,0
4519,0
4522,0
4528,0
4529,0
4530,0
4532,0
4538,0
4547,0
4550,0
4555,0
4558,0
4565,0
4567,0
4568,0
4571,0
4572,0
4573,0
4575,0
4576,0
4577,0
4586,0
4615,0
4641,0
4679,0
4689,0
4691,0
4751,0
4754,0
4784,0
4785,0
4787,0
4792,0
4837,0
4876,0
4896,0
4911,0
4914,0
4931,0
4932,0
4934,0
4952,0
4959,0
5016,0
5022,0
5028,0
5037,0
5059,0
5062,0
5105,0
5116,0
5141,0
5180,0
5191,0
5207,0
5217,0
5270,0
5272,0
5297,0
5315,0
5322,0
5334,0
5341,0
5346,0
5476,0
5478,0
5499,0
5500,0
5507,0
5535,0
5599,0
5656,0
5658,0
5661,0
5664,0
5666,0
5667,0
5671,0
5690,0
5691,0
5693,0
5699,0
5710,0
5722,0
5738,0
5741,0
5755,0
5757,0
5758,0
5759,0
5762,0
5786,0
5811,0
5833,0
5875,0
5888,0
5911,0
5936,0
5944,0
6073,0
6087,0
6131,0
6162,0
6182,0
6183,0
6192,0
6231,0
6233,0
6238,0
6252,0
6279,0
6282,0
6293,0
6303,0
6304,0
6305,0
6306,0
6319,0
6326,0
6334,0
6412,0
6500,0
6526,0
6550,0
6565,0
6573,0
6584,0
6604,0
6610,0
6615,0
6656,0
6669,11
6689,11
6728,11
6747,11
6769,11
6896,0
6935,0
6941,0
6943,0
6945,0
7010,11
7014,11
7019,11
7077,11
7088,0
7090,10
7123,10
7127,10
7151,1
7154,1
7164,1
7175,1
7186,1
7209,0
7216,1
7221,1
7253,1
7264,1
7269,1
7293,1
7420,4
7432,4
7574,0
7654,8
7656,8
7664,8
7668,8
7671,8
7685,8
7719,8
7739,8
7741,8
7778,8
7797,8
7883,8
7895,8
7896,8
7897,8
7937,7
7959,5
8006,7
8020,7
8036,7
8060,7
8079,7
8113,7
8130,7
8262,7
8313,8
8316,8
8324,8
8325,8
8353,8
8360,8
8400,8
8404,8
8406,8
8464,2
8492,2
8493,2
8500,2
8509,8
8527,8
8584,8
8704,8
8720,8
8782,2
8825,2
8879,2
8953,2
8976,2
9030,2
9126,2
9182,2
9257,3
9261,3
9265,3
9267,3
9312,3
9314,3
9321,3
9349,3
9360,3
9368,3
9373,3
9378,3
9379,3
9395,3
9456,3
9498,3
9527,3
9528,3
9556,3
9577,3
9608,3
9611,3
9665,3
9681,3
9682,3
9683,3
9717,3
9721,3
9726,3
9774,3
9780,3
9789,3
9845,3
9887,3
9895,3
9984,3
9996,3
10013,3
10016,3
10033,3
10035,3
10040,3
10043,3
10046,3
10114,3
10127,3
10140,3
10144,3
10228,0
11786,0
13068,11
13093,0
13106,6
13123,9
13333,0
13615,3
13642,0
13684,0
13818,0
13894,0
15368,0
15565,0
19768,0
27291,0
27335,0
27350,0
27455,1
27468,1
27670,3
27672,3
27695,5
27714,5
28015,0
28564,0
28583,0
28756,7
28985,0
29001,0
29196,0
29730,0
29753,0
29760,0
29850,0
29883,0
29910,0
30017,1
30030,1
30031,1
30034,1
30040,1
30459,2
30559,3
30648,3
31032,6
31220,0
31234,0
31276,0
32264,0
32335,1
32503,7
32561,0
32599,0
33085,0
33090,0
33119,0
33178,0
33392,0
33614,2
33630,0
33634,0
33653,0
33682,0
34305,0
34316,0
34358,0
34373,0
34506,0
34590,0
34638,0
34649,0
34740,10
34765,8
34815,6
34899,3
34915,2
35024,8
35127,0
35128,0
35497,3
35883,0
35925,0
36044,0
36080,0
36090,0
36091,0
36094,0
36174,4
36175,4
36183,7
36188,6
36318,8
36331,0
36630,0
36914,0
37163,0
37319,0
37346,6
37347,3
37349,3
37611,2
37621,0
37630,11
37657,0
37679,0
37682,0
37690,0
37737,3
37862,0
38033,0
38600,3
38625,3
38762,5
39416,0
39640,0
40145,0
40284,0
40285,0
40410,0
40559,0
40930,11
41364,11
41653,0
41668,0
42064,0
42155,0
42345,0
42373,0
42374,0
44056,0
44271,0
44415,0
44689,0
45157,0
45350,0
46015,0
46208,1
46455,4
46514,8
46681,0
46790,1
46791,1
46793,1
47010,1
47247,0
47413,1
47672,0
47765,0
50225,0
50346,0
50426,0
50451,0
50514,0
51029,0
51314,0
51315,0
51511,8
51543,4
51750,8
51953,0
52807,3
52824,0
55270,0
55890,0
56958,1
56960,1
57577,0
57918,0
58055,3
58362,11
58777,11
58933,0
59643,0
59689,0
59728,2
59747,0
59808,1
59970,0
61378,3
61408,3
61605,0
62043,8
63405,0
63430,4
63677,0
63726,11
64175,8
64182,8
64495,0
64695,11
64696,11
64697,11
64901,11
65070,0
65612,3
65659,0
65661,0
65662,0
67593,0
70076,11
70126,11
70779,0
71139,0
71826,0
72036,11
72859,0
73234,11
73382,0
73860,3
74526,0
74549,1
75184,11
75743,8
76773,0
77708,11
78262,0
78585,8
79327,0
79736,8
79923,0
80637,0
81418,0
81824,0
81972,0
82932,0
85681,0
85982,0
88211,11
89488,0
92177,0
92994,4
93602,11
94835,2
95114,8
95455,1
95544,8
96448,0
98039,0
98922,3
101203,0
103820,6
104341,0
104385,0
104781,0
104782,0
105351,0
106106,3
106299,0
106881,8
109233,1
109760,0
109871,0
111428,3
111452,3
112090,0
112098,0
112509,0
114742,0
121225,11
121759,0
126287,3
126732,0
126957,11
127386,11
128810,0
129037,7
129105,1
129355,0
130453,0
130454,0
133975,1
133981,1
133991,1
133992,1
135651,0
141217,1
142796,0
143453,0
145282,8
145408,3
146037,0
147389,0
148304,0
148305,0
150234,11
150808,0
157069,0
160860,0
161732,1
161934,0
162425,0
163907,11
164328,0
165450,0
173906,0
175121,2
175835,2
176014,2
180498,0
183794,0
184922,0
185569,11
186039,0
186942,0
187128,2
192875,0
194544,11
196912,0
197766,11
198537,11
199306,0
202698,0
203908,0
206553,8
208348,0
211522,0
212142,0
217954,11
218679,1
218682,1
220780,8
221555,8
225117,0
225164,0
227321,0
228699,8
240176,0
241403,2
242477,0
243517,0
256130,0
256709,11
261658,0
262014,8
262687,0
271516,1
272952,0
281687,0
283909,0
294707,0
296587,0
299391,0
311978,0
314145,3
317513,11
318829,0
325165,3
325452,0
355684,8
361077,0
376911,3
376912,3
381046,0
381635,5
382112,0
389681,4
400540,0
400682,0
418459,0
419435,0
449720,0
452647,0
458418,3
468484,2
472930,0
474922,0
480721,8
495159,2
504568,7
537919,3
538568,0
551287,0
552467,0
554065,0
571338,2
588596,0
591489,0
653948,0
655981,0
689266,2
746128,0
747207,8
755273,0
860376,0
870730,0
936053,0
938081,0
944610,0
946380,0
981085,0
984957,0
1047171,0
1134477,0
1170828,8
1172189,0
1233216,2
1294634,2
1294635,2
1298654,2
1346171,0
1349409,0
1349410,0
1353948,8
1423826,0
1561998,0
1605721,0
1912919,11
1987568,0
2052682,0
2302425,0
2587412,0
2822231,0
1357,0
2706,0
2759,0
2768,0
2849,0
2879,0
2902,0
3044,0
3051,0
3066,0
3071,0
3143,0
3246,0
3257,0
3310,0
3318,0
3319,0
3328,0
3450,0
3497,0
3511,0
3554,0
3561,0
3603,0
3633,0
3640,0
3648,0
3655,0
3660,0
3689,0
3705,0
3718,0
3746,0
3754,0
3766,0
3817,0
3820,0
3826,0
3867,0
3883,0
3887,0
3898,0
3932,0
3982,0
3984,0
3987,0
3995,0
4005,0
4069,0
4071,0
4085,0
4103,0
4119,0
4150,0
4235,0
4402,0
4430,0
4459,0
4473,0
4480,0
4496,0
4512,0
4520,0
4527,0
4549,0
4554,0
4557,0
4564,0
4585,0
4614,0
4640,0
4678,0
4688,0
4719,0
4753,0
4769,0
4783,0
4797,0
4815,0
4830,0
4836,0
4842,0
4895,0
4910,0
4930,0
4951,0
4958,0
5027,0
5036,0
5052,0
5097,0
5104,0
5115,0
5121,0
5140,0
5144,0
5149,0
5159,0
5179,0
5190,0
5230,0
5260,0
5269,0
5296,0
5314,0
5320,0
5333,0
5340,0
5475,0
5533,0
5654,0
5655,0
5709,0
5721,0
5740,0
5754,0
5761,0
5782,0
5790,0
5800,0
5810,0
5873,0
5884,0
5890,0
5943,0
6072,0
6083,0
6109,0
6127,0
6160,0
6181,0
6191,0
6223,0
6232,0
6237,0
6247,0
6251,0
6278,0
6281,0
6288,0
6292,0
6318,0
6324,0
6333,0
6338,0
6379,0
6411,0
6452,0
6463,0
6499,0
6525,0
6548,0
6564,0
6578,0
6582,0
6595,0
6603,0
6609,0
6612,0
6643,0
6668,11
6726,11
6740,11
6746,11
6768,11
6849,0
6895,0
6934,0
6940,0
6942,0
6944,0
6972,11
6977,11
6996,11
7003,11
7008,11
7013,11
7018,11
7028,11
7037,11
7043,11
7045,11
7053,11
7060,11
7063,11
7066,11
7069,11
7076,11
7083,11
7101,9
7106,9
7110,9
7112,9
7115,10
7118,10
7122,10
7126,10
7129,10
7136,10
7140,10
7145,10
7185,1
7208,0
7367,1
7372,1
7374,1
7377,1
7382,1
7396,1
7397,1
7405,4
7415,4
7419,4
7424,4
7431,4
7440,4
7443,4
7451,4
7456,4
7459,4
7461,4
7490,4
7502,11
7514,11
7521,11
7535,11
7538,11
7571,0
7601,8
7608,8
7610,8
7652,8
7655,8
7684,8
7718,8
7737,8
7756,8
7763,8
7777,8
7791,8
7796,8
7811,8
7829,8
7866,8
7881,8
7894,8
7901,7
7912,7
7916,7
7931,7
7935,7
7949,5
7956,5
7958,5
7961,5
7963,5
7993,5
7997,5
8004,5
8009,7
8015,7
8016,7
8028,7
8041,7
8048,7
8055,7
8059,7
8072,6
8077,7
8080,7
8082,7
8087,7
8089,7
8098,6
8102,6
8121,7
8139,7
8145,7
8152,7
8155,7
8158,7
8160,7
8163,6
8166,6
8174,6
8176,6
8186,7
8189,7
8190,7
8207,6
8217,6
8234,7
8254,7
8261,7
8266,7
8283,5
8295,8
8311,8
8315,8
8322,8
8352,8
8363,8
8383,8
8466,2
8468,2
8474,2
8476,2
8479,2
8485,2
8495,2
8504,8
8507,8
8518,8
8523,8
8526,8
8556,8
8565,8
8583,8
8612,8
8627,8
8638,8
8661,8
8672,8
8683,8
8699,8
8703,8
8711,8
8721,8
8728,8
8739,8
8772,8
8786,2
8789,2
8796,2
8801,2
8804,2
8806,2
8821,2
8828,2
8835,2
8842,2
8850,2
8852,2
8855,2
8867,2
8877,2
8883,2
8896,2
8904,2
8911,2
8918,2
8927,2
8931,2
8946,2
8952,2
8956,2
8962,2
8965,2
8968,2
8985,2
8995,2
9001,2
9004,2
9008,2
9013,2
9048,2
9053,2
9062,2
9072,2
9087,2
9090,2
9102,2
9114,2
9120,2
9131,2
9134,2
9154,2
9159,2
9162,2
9165,2
9168,2
9171,2
9174,2
9181,2
9184,2
9186,2
9190,2
9207,2
9212,2
9217,2
9221,2
9225,2
9227,2
9232,2
9235,2
9237,2
9239,2
9243,2
9247,2
9251,2
9254,3
9256,3
9260,3
9266,3
9282,3
9304,3
9307,3
9336,3
9343,3
9350,3
9353,3
9357,3
9359,3
9362,3
9364,3
9367,3
9370,3
9374,3
9377,3
9394,3
9401,3
9406,3
9412,3
9416,3
9422,3
9425,3
9429,3
9432,3
9434,3
9437,3
9446,3
9459,3
9469,3
9486,3
9499,3
9504,3
9506,3
9513,3
9520,3
9529,3
9533,3
9537,3
9539,3
9542,3
9554,3
9564,3
9567,3
9570,3
9578,3
9592,3
9596,3
9599,3
9621,3
9623,3
9625,3
9639,3
9642,3
9645,3
9648,3
9656,3
9658,3
9663,3
9671,3
9677,3
9679,3
9688,3
9703,3
9706,3
9709,3
9710,3
9712,3
9714,3
9722,3
9724,3
9729,3
9732,3
9738,3
9741,3
9748,3
9751,3
9753,3
9757,3
9759,3
9763,3
9766,3
9776,3
9779,3
9782,3
9784,3
9788,3
9800,3
9804,3
9806,3
9812,3
9817,3
9822,3
9832,3
9836,3
9839,3
9847,3
9851,3
9855,3
9857,3
9859,3
9869,3
9871,3
9872,3
9882,3
9885,3
9890,3
9893,3
9894,3
9896,3
9898,3
9900,3
9903,3
9918,3
9922,3
9926,3
9935,3
9944,3
9954,3
9957,3
9969,3
9973,3
9977,3
9979,3
9980,3
9992,3
10001,3
10011,3
10022,3
10026,3
10028,3
10045,3
10049,3
10053,3
10059,3
10067,3
10084,3
10126,3
10136,3
10139,3
10148,3
10151,3
10156,3
10159,3
10165,3
10168,3
10180,3
10182,3
10184,3
10199,0
10222,8
10227,0
12929,2
12945,2
12956,4
12965,0
13012,5
13038,3
13067,11
13092,0
13105,6
13113,2
13122,9
13124,3
13145,2
13149,3
13163,11
13171,1
13179,2
13213,2
13231,11
13239,2
13244,2
13248,11
13261,11
13332,0
13390,4
13396,8
13436,0
13488,6
13492,0
13513,3
13633,9
13685,4
13730,0
13745,2
13778,0
13817,0
13893,0
15367,0
16718,0
18794,0
23204,0
26378,0
27520,4
27529,4
27533,4
27605,3
27609,3
27621,3
27641,3
27659,3
27669,3
27671,3
27686,7
27694,5
27703,5
27705,6
27710,5
27726,7
27772,7
27793,2
27834,0
27922,0
28000,0
28376,8
28581,0
28609,1
28644,4
28651,4
28653,4
28688,2
28695,2
28712,2
28715,2
28723,2
28729,2
28732,2
28736,3
28741,7
28779,7
28817,7
28828,7
29007,0
29044,4
29052,4
29054,10
29056,10
29075,3
29077,3
29079,3
29083,3
29090,3
29136,3
29138,3
29143,5
29202,0
29849,0
29882,0
29909,0
30060,1
30075,11
30079,11
30087,11
30204,4
30223,10
30316,8
30356,8
30384,2
30396,2
30409,2
30418,2
30420,2
30424,2
30453,2
30454,2
30458,2
30460,2
30467,2
30539,3
30550,3
30554,3
30560,3
30597,3
30600,3
30610,3
30636,3
30639,3
30657,3
30727,5
30799,6
30992,5
31031,6
31141,8
31181,8
31213,0
31242,0
31262,0
32263,0
32280,1
32281,1
32291,1
32300,1
32301,1
32307,1
32310,1
32314,1
32320,1
32323,1
32348,1
32349,1
32350,1
32351,1
32352,1
32353,1
32354,1
32356,1
32357,1
32358,1
32366,1
32367,1
32378,1
32381,1
32385,1
32386,1
32388,4
32390,4
32459,7
32502,7
32535,3
32641,2
33084,0
33154,0
33184,0
33194,0
33196,0
33213,0
33340,0
33411,10
33413,9
33419,10
33424,10
33431,10
33465,10
33508,0
33527,7
33551,3
33561,3
33583,2
33592,2
33597,2
33600,2
33611,2
33613,2
33615,2
33617,2
33652,0
33789,7
34372,0
34392,0
34416,0
34509,0
34555,0
34619,0
34646,0
34681,1
34699,4
34717,4
34763,8
34767,8
34772,5
34786,6
34788,6
34820,6
34826,3
34841,3
34843,3
34845,3
34872,3
34874,3
34879,3
34881,3
34883,3
34885,3
34891,3
34898,3
34902,2
34995,8
34999,8
35076,8
35500,3
35547,2
35569,1
35571,1
35729,6
35734,3
35939,0
36048,0
36165,1
36182,7
36184,7
36189,6
36199,6
36211,7
36242,2
36262,2
36266,2
36271,2
36274,2
36283,2
36292,2
36298,2
36304,2
36801,3
36913,0
36986,11
37028,3
37029,3
37031,3
37038,2
37041,2
37044,2
37049,2
37077,2
37082,2
37175,3
37178,3
37180,3
37189,3
37343,4
37345,6
37348,3
37414,0
37442,3
37533,0
37579,8
37613,2
37847,0
37852,4
37853,10
37857,11
37858,0
37861,0
37873,0
37888,3
38116,11
38122,11
38157,11
38396,2
38526,5
38570,0
38574,0
38581,0
38584,0
38599,3
38605,3
38617,3
38624,3
38662,3
38664,3
38667,3
38761,5
38771,2
38832,0
38880,0
38940,6
38946,0
39081,3
39083,3
39156,8
39193,6
39465,9
39616,2
39620,2
39700,0
39757,1
39959,2
40037,10
40076,10
40084,10
40098,10
40102,10
40144,0
40150,3
40155,2
40157,2
40213,2
40232,3
40255,0
40364,1
40829,5
40929,11
40931,11
41013,10
41098,11
41100,11
41111,11
41138,11
41260,3
41363,11
41425,3
41665,0
41705,7
41809,1
41812,1
41881,0
41953,0
42148,6
42163,8
42188,8
42274,10
42295,10
42298,10
42414,3
42476,0
42513,5
42520,3
42525,5
42562,5
42634,7
42647,7
43086,4
43150,2
43158,2
43162,2
43164,2
43255,6
43315,2
43331,3
43386,1
43464,2
43581,2
43699,7
43779,3
43816,1
44003,1
44005,1
44045,1
44049,1
44050,1
44052,1
44055,0
44317,2
44387,2
44397,2
44399,2
44488,2
44499,2
44505,2
44525,2
44533,1
44535,1
44537,1
44539,1
44541,1
44542,1
44547,1
44550,1
44552,1
44556,1
44581,0
44662,11
45057,11
45059,11
45156,0
45349,0
45449,1
45478,3
45636,2
45640,2
45782,6
45806,2
46207,1
46454,4
46509,2
46512,2
46786,0
46877,1
46903,2
47004,1
47005,1
47006,1
47144,6
47307,7
47309,7
47570,0
47571,0
47691,2
47694,2
47699,7
47732,4
47766,9
47832,1
48138,3
48276,2
48284,2
48288,2
48395,2
48424,2
48434,2
48558,0
48667,5
48705,11
48722,3
48750,3
48772,0
48867,3
48881,2
49274,0
49442,3
49448,0
49743,0
50248,2
50384,5
50389,11
50391,2
50425,0
50443,10
50582,11
50601,11
51137,5
51153,3
51293,0
51341,3
51345,3
51538,4
51649,11
51654,10
51899,2
51905,2
51909,2
51952,0
52121,2
52123,2
52180,8
52201,8
52223,8
52238,6
52316,0
52429,11
52611,11
52621,2
52652,7
52662,7
52713,0
52718,1
52903,7
52939,0
53271,8
53274,3
53541,1
54057,2
54125,0
54132,3
54136,3
54355,2
54358,2
54360,2
54368,2
54373,2
54376,2
54379,2
54382,2
54385,2
54483,2
54507,2
54908,7
54972,2
55056,9
55077,4
55087,11
55130,8
55193,0
55280,0
55418,2
55543,2
55549,2
55701,0
55806,2
55807,2
55897,4
55947,1
55949,1
56073,2
56082,2
56096,11
56257,2
56261,2
56271,2
56296,2
56298,2
56303,2
56310,2
56312,2
56326,2
56342,2
56362,9
56365,9
56375,9
56393,9
56587,9
56612,7
56615,0
56621,4
56662,2
56715,6
56725,6
56741,0
56797,3
56959,1
57061,11
57067,2
57396,2
57401,2
57405,2
57409,2
57420,2
57438,2
57445,7
57515,11
57896,1
58062,3
58064,3
58068,3
58202,2
58277,1
58322,5
58361,11
58738,4
58776,11
58788,11
58823,10
59131,1
59142,1
59459,3
59475,3
59526,3
59537,3
59541,3
59553,3
59807,1
59897,5
59969,0
60461,2
60542,0
60568,11
60901,4
61153,3
61407,3
61471,11
61618,3
61642,6
61816,7
61818,7
62017,11
62051,8
62192,2
62294,3
62748,11
62803,11
63120,8
63408,1
63429,4
63681,0
63724,11
64143,7
64156,4
64181,8
64277,2
64390,11
64692,11
64693,11
64694,11
64782,4
64792,4
64794,2
64797,2
64862,4
65356,0
65962,1
66360,1
66441,3
66443,3
66452,7
66705,2
67771,2
68410,3
68487,2
68489,2
69129,7
69259,3
69292,6
69310,3
69354,11
69624,1
70376,11
70608,2
70930,2
71005,3
71008,8
71014,8
71112,3
71116,3
71118,3
71245,0
72005,2
72035,11
72046,7
72130,3
72244,10
72537,1
72549,11
72691,0
72766,4
73326,2
73329,2
74199,2
74868,1
74925,2
75141,4
75202,4
75351,5
75365,5
75868,2
75968,2
76038,0
76204,10
76212,10
76214,10
76227,10
76337,6
76339,6
76797,7
76989,4
77141,6
77156,11
77259,10
77597,3
78156,0
78216,2
79652,2
79804,3
79922,0
80635,0
80744,0
80965,7
80969,7
80992,7
81369,7
81525,0
81883,2
81885,2
81929,2
81970,0
82365,7
82594,10
82597,10
82599,10
82622,10
82741,11
82804,11
83235,0
83484,4
83607,0
83691,3
84644,5
84661,11
84832,2
84842,2
85068,2
85070,2
85100,2
85104,2
85109,4
85119,1
85584,10
85604,0
85610,2
86204,7
86223,7
86972,3
87174,2
88028,3
88111,2
88178,2
88199,7
88466,4
88472,4
88474,4
88475,4
88555,11
88591,4
88770,0
89593,0
89631,3
91192,0
91202,0
91730,7
91732,7
91737,10
91742,6
91766,2
91774,2
91776,2
91780,2
92597,1
92993,4
93127,11
93201,11
93701,0
93949,1
94187,3
94231,6
94234,7
94236,6
94311,7
94834,2
94892,8
94952,6
94958,3
94988,8
94992,5
95113,8
95169,0
95189,9
95218,9
95295,4
95591,10
95599,10
95911,3
97051,11
98130,2
98139,2
98147,2
98309,0
98381,6
98427,11
98660,3
98805,1
98808,1
100189,7
100474,0
100601,0
100860,0
101898,5
101931,10
103033,1
103599,3
103719,7
103819,6
103830,9
103889,10
103943,8
103955,2
104446,10
104451,10
104458,10
104473,10
104475,10
104514,10
104780,0
105767,0
105792,11
106105,3
106173,7
106241,1
106257,1
106298,0
106500,10
107204,2
107207,2
107223,2
107225,2
107227,2
107257,11
108822,2
108839,2
108857,3
108930,11
108957,4
109023,11
109904,6
110367,10
110675,2
111451,3
111783,7
111828,2
111880,10
111885,10
111897,10
111915,10
111922,10
111932,10
111950,10
111973,2
112291,4
113102,11
113114,2
113543,7
114275,2
114328,2
114330,2
114332,2
114368,2
115080,4
115356,11
116112,8
116120,10
116125,9
116129,9
116152,11
117144,2
117248,4
117533,11
117570,0
117853,8
118186,2
118792,2
118796,3
119487,6
120497,8
120569,0
121164,8
121175,8
121222,11
121588,3
121844,11
122772,11
122852,11
122862,11
123378,2
124287,4
124410,10
125282,2
125296,2
125862,2
126785,2
126956,11
127313,10
127403,1
127874,2
127928,2
128389,2
129036,7
129107,7
129396,10
130471,6
130718,7
131221,0
132116,4
133081,11
133746,0
133894,11
133977,1
134629,6
134919,6
135161,2
135164,2
135167,2
135423,2
135426,2
135430,2
135432,2
135440,2
135443,2
135447,2
135449,2
135758,6
135866,11
135971,2
137519,7
138069,10
139271,0
139475,11
139674,1
139679,1
141257,1
141678,8
141838,2
141916,11
142475,2
142686,4
143028,7
143301,3
143452,0
143605,5
143629,8
143721,11
143723,11
143731,11
143734,11
143767,11
143947,11
143949,11
144030,4
144305,4
144700,4
144703,4
144704,4
144705,4
144707,4
144708,4
144715,4
144729,4
146036,0
146712,3
146807,6
148056,3
148341,0
150287,7
151303,10
151542,10
151543,10
151548,10
152459,0
153135,0
153220,1
153641,2
156169,2
156310,4
156560,2
156562,2
156982,5
157304,11
158440,11
158455,7
158623,11
158804,8
161624,2
161652,2
161683,2
161697,8
161741,2
161769,10
163133,6
163669,4
163742,0
163743,0
163906,11
165430,4
165449,0
166331,11
166413,4
166420,4
166740,7
167038,4
168630,10
169418,3
169551,4
170624,1
170865,2
170944,1
171272,2
171631,0
172268,6
172412,2
172679,2
172680,2
172683,2
172688,2
172911,5
173220,2
173246,7
173330,7
173784,4
173905,0
173981,1
175116,2
175118,2
175123,2
175130,2
175132,2
175340,0
175773,5
175799,5
175829,2
176023,2
176038,2
176042,2
176065,2
176073,2
176114,3
176848,3
177088,11
177619,10
177674,10
177929,10
178032,4
178132,0
178174,0
178513,0
179673,9
181087,0
181118,2
181838,2
182233,7
182948,2
183180,2
183660,3
183663,3
183715,6
183748,3
184058,4
184431,0
184462,0
185452,3
185574,1
186035,0
186072,11
186282,1
186463,0
186466,0
186473,3
187105,2
187127,2
187421,2
187617,11
187655,11
187675,11
187694,11
187697,11
187734,0
188339,2
188343,2
189200,0
189290,0
189528,2
189838,11
189907,10
189978,1
190294,2
190355,10
190675,2
192190,10
192206,2
192444,1
192486,1
192752,8
192874,0
195164,11
195167,11
195882,11
195936,7
196026,2
196036,2
197151,11
198037,1
198633,1
199889,1
200574,4
200613,4
201361,2
201800,8
201991,2
202082,11
202455,11
202584,6
203780,10
204894,8
204969,2
205271,4
205272,4
207245,0
207635,4
207646,4
208068,2
208072,2
208332,7
208971,3
209165,5
210138,7
210581,7
210584,5
210631,7
210645,3
210651,3
214089,9
214128,10
214132,10
214137,10
214170,9
214189,10
214276,9
214280,9
214282,9
214308,9
214365,9
214392,10
214430,6
214437,2
215344,6
215357,6
215359,6
215450,0
216413,4
217164,11
217216,4
218734,10
218743,10
218770,10
219362,1
219491,10
219506,1
219538,1
220671,0
220779,8
220872,0
221965,2
222002,0
223226,11
224238,1
224240,1
224314,2
225336,11
225386,6
225397,2
226134,1
226148,1
226859,3
227181,2
227183,2
227191,2
227225,2
227227,2
227618,11
228304,2
228698,8
229639,1
230657,2
231878,4
232080,0
233201,5
235515,11
236011,4
236025,4
236772,9
236878,1
237419,2
237431,2
237437,2
238743,7
239369,2
239383,2
240153,6
240158,6
240161,6
240208,2
240726,2
240907,11
241345,6
242266,10
242978,6
243058,2
243516,0
243707,7
245037,2
245059,2
247414,11
247536,2
247584,1
247602,1
248134,5
248453,11
248898,10
249411,11
249510,11
249574,11
252294,10
252607,1
253714,4
254007,11
254361,9
254364,9
254445,2
254527,2
254538,2
254651,2
254656,2
259245,1
260994,8
262437,10
262675,0
263139,1
264009,8
265359,10
265382,10
266359,2
268443,11
270536,7
270857,4
271502,6
272229,4
273758,0
273927,11
280676,11
283033,6
283833,10
286192,0
286486,1
286536,5
286705,11
287110,10
287191,10
288057,2
288079,2
288081,2
288227,4
288388,4
289280,9
289381,7
290671,11
291818,5
292396,1
295699,11
295984,11
300110,4
300275,0
300305,7
300855,10
302526,2
303412,4
304458,6
305494,11
305546,1
307456,0
307506,0
307971,8
309973,4
314294,3
315555,1
315556,1
319553,0
319798,9
320016,9
320033,9
320076,9
320089,9
320381,7
321190,1
321397,2
323311,1
325166,3
325642,11
326431,7
326956,10
327682,5
329933,2
331299,10
332383,11
335394,2
337687,3
337730,3
337736,3
337963,3
338152,3
338558,2
339868,8
341122,5
341340,11
343581,1
345571,11
347358,11
355586,11
357261,0
358403,0
360223,2
361643,5
365332,8
366186,10
366453,2
369122,4
369248,4
369638,5
370604,11
371915,2
372321,2
375763,7
379583,3
379584,3
381880,2
382314,2
385256,8
392815,3
393392,10
398144,4
409350,1
411962,9
414732,1
414810,1
414873,1
415027,2
417944,7
418107,0
419707,10
421220,4
421297,4
421423,4
423606,3
424555,0
424574,0
425642,2
426455,0
428445,6
432408,5
433377,2
433404,6
435137,7
435335,2
435418,0
436492,2
437487,10
437492,11
442324,10
446045,1
447134,3
449593,2
449632,0
453332,4
454363,4
454922,4
456387,2
456437,2
457750,0
458189,2
461237,2
461238,2
461243,2
461281,0
464722,9
464929,11
466726,11
467773,10
468821,1
474492,1
474497,1
474711,1
475327,10
476763,11
478634,2
482536,3
483938,11
484232,11
486473,8
488720,4
495161,2
495549,5
504564,1
518105,1
520877,10
521259,2
522835,10
522847,10
523929,11
523952,11
524581,11
525812,10
527826,8
538957,10
542827,3
545366,10
545632,1
548218,11
551347,0
555263,2
559695,1
569039,1
569045,1
571337,2
571339,2
571889,2
572704,10
572799,10
572808,10
572825,10
572852,10
574057,1
581513,10
581588,10
587050,7
589840,2
591932,3
596672,10
600669,0
604375,4
611780,3
613194,1
626377,2
626426,2
631388,11
632600,2
641818,5
651667,8
654580,0
655084,10
655692,10
670600,1
680682,10
681191,2
687068,10
687116,10
687147,10
687454,3
689302,9
691632,10
691650,10
693966,11
695183,9
696214,0
702716,10
704699,10
704816,10
708062,9
710235,4
720585,2
721162,10
721813,0
722672,10
723807,3
748365,5
795339,0
797373,4
862507,3
862508,3
862510,3
868094,0
870536,2
882791,9
909696,6
909700,6
925459,2
931556,11
934914,10
934939,10
936348,3
938225,9
938237,9
943732,10
946290,9
948952,3
979198,2
980083,0
981070,0
984836,7
987448,9
988055,9
988063,9
988070,9
988080,9
988105,9
988123,9
990952,7
997550,9
1036719,0
1047167,0
1049657,11
1070158,6
1096076,1
1101094,10
1101105,9
1101109,10
1118747,2
1126400,4
1129544,0
1129741,2
1137846,2
1141640,3
1141645,3
1147766,7
1159320,4
1165752,1
1206794,0
1226614,1
1233215,2
1234260,0
1261333,11
1262320,1
1271741,10
1286322,0
1291242,11
1294636,2
1315722,7
1328069,3
1329799,2
1338369,0
1346170,0
1351751,0
1352769,2
1365756,7
1368975,10
1387125,11
1394723,0
1410436,11
1423825,0
1430964,9
1448052,0
1462606,0
1469640,8
1489911,7
1491576,0
1502711,0
1517830,2
1532884,3
1535443,11
1549675,2
1569766,11
1577619,1
1577622,1
1588157,1
1594452,10
1606679,5
1608913,10
1612336,0
1648029,0
1648038,0
1662592,11
1666817,10
1766907,2
1803640,0
1812035,3
1821620,10
1844587,0
1849765,8
1854010,2
1862150,2
1868481,3
1873447,0
1884637,0
1891343,11
1897064,0
1907176,3
1914394,2
1918220,1
1918309,1
1925018,5
1929280,1
1933192,0
1948885,2
1960649,3
1961833,2
1962787,11
1963761,3
1965096,3
1977159,2
1977170,2
1983281,11
1985927,11
1987567,0
1987911,1
2015172,4
2041963,11
2045281,3
2056899,1
2057181,3
2058187,0
2058189,0
2058951,0
2060084,0
2069291,11
2071345,2
2072689,0
2100445,11
2100816,3
2182372,3
2233715,10
2448183,4
2478891,2
2485303,2
2492374,9
2492674,0
2499238,0
2502001,2
2510329,3
2585817,2
2585819,2
2585821,2
2594176,0
2603175,10
2605435,0
2611352,0
2613844,0
2614578,2
2619774,7
2621658,0
2623939,7
2628534,11
2630091,3
2639990,6
2649731,7
2652132,11
2653789,3
2654887,11
2696672,2
2698737,0
2705177,4
2707338,0
2714348,1
2720870,0
2720871,0
2720872,0
2736678,3
2743711,5
2752537,0
2776189,3
2777061,0
2782170,3
2784189,11
2795540,10
2819877,2
2821307,2
2821309,2
2821313,2
2841271,2
2854840,10
2897311,0
2902005,3
2946836,0
2948762,0
2950611,4
1300,0
2878,0
3042,0
3043,0
3065,0
3086,0
3142,0
3146,0
3216,0
3245,0
3256,0
3309,0
3337,0
3487,0
3503,0
3647,0
3700,0
3846,0
4004,0
4038,0
4335,0
4401,0
4429,0
4546,0
4637,0
4677,0
4764,0
4777,0
4782,0
4806,0
4893,0
4894,0
5020,0
5021,0
5094,0
5103,0
5148,0
5152,0
5189,0
5206,0
5215,0
5227,0
5259,0
5262,0
5268,0
5317,0
5332,0
5339,0
5351,0
5455,0
5506,0
5598,0
5765,0
5799,0
5809,0
5820,0
6080,0
6094,0
6103,0
6126,0
6196,0
6222,0
6246,0
6250,0
6296,0
6315,0
6332,0
6378,0
6407,0
6451,0
6462,0
6498,0
6524,0
6553,0
6563,0
6566,0
6581,0
6592,0
6602,0
6606,0
6608,0
6647,0
6685,11
6739,11
6745,11
6764,11
6775,11
6846,0
6856,0
6894,0
6933,0
6964,11
7059,11
7062,11
7089,10
7150,1
7157,1
7158,1
7184,1
7199,1
7212,1
7292,1
7298,1
7354,1
7369,1
7384,1
7393,1
7439,4
7482,4
7489,4
7496,0
7592,8
7600,8
7675,8
7676,8
7683,8
7687,8
7711,0
7717,8
7736,8
7746,8
7776,0
7790,8
7826,8
7839,8
7844,8
7865,8
7880,8
7915,7
7930,7
7934,7
7948,5
7952,5
7986,5
7996,5
7999,5
8008,7
8045,7
8071,6
8088,7
8092,6
8157,7
8162,6
8169,6
8180,6
8184,7
8202,6
8206,6
8214,6
8247,6
8256,7
8287,0
8289,7
8294,8
8310,8
8382,8
8397,8
8399,8
8432,8
8461,2
8465,2
8473,2
8484,2
8487,2
8506,8
8530,8
8555,8
8561,8
8690,8
8710,8
8785,2
8788,2
8793,2
8800,2
8803,2
8820,2
8827,2
8854,2
8899,2
8903,2
8907,2
8910,2
8917,2
8922,2
8926,2
8930,2
8937,2
8941,2
8949,2
8955,2
8960,2
8982,2
8990,2
9003,2
9005,2
9109,2
9119,2
9127,2
9133,2
9136,2
9143,2
9146,2
9149,2
9153,2
9158,2
9161,2
9164,2
9167,2
9170,2
9173,2
9183,2
9193,2
9206,2
9211,2
9216,2
9220,2
9224,2
9231,2
9242,2
9246,2
9259,3
9277,3
9331,3
9335,3
9338,3
9342,3
9352,3
9376,3
9393,3
9409,3
9431,3
9436,3
9445,3
9461,3
9475,3
9480,3
9481,3
9569,3
9632,3
9655,3
9676,3
9697,3
9702,3
9705,3
9723,3
9740,3
9747,3
9750,3
9756,3
9762,3
9765,3
9775,3
9799,3
9803,3
9811,3
9816,3
9821,3
9827,3
9831,3
9835,3
9846,3
9881,3
9889,3
9892,3
9948,3
9952,3
9959,3
9963,3
9972,3
9975,3
9976,3
10010,3
10015,3
10021,3
10061,3
10135,3
10147,3
10150,3
10155,3
10158,3
10164,3
10167,3
10221,8
10501,0
13036,10
13203,1
16714,0
19955,0
22097,0
25692,0
27437,11
27452,11
27456,1
27524,4
27528,4
27548,9
27549,11
27580,2
27592,3
27693,5
27723,7
27792,2
27843,0
27994,0
27999,0
28556,0
28595,1
28641,4
28683,2
28725,2
28728,2
28735,3
28738,7
28758,7
28771,7
28778,7
28983,0
29006,0
29040,4
29132,3
29135,3
29142,5
29217,0
29626,0
30002,11
30078,11
30189,11
30190,11
30222,10
30309,8
30319,8
30412,2
30413,2
30417,2
30443,2
30444,2
30445,2
30446,2
30448,2
30451,2
30462,2
30475,8
30511,8
30533,3
30553,3
30558,3
30577,3
30599,3
30613,3
30615,3
30644,3
30645,3
30646,3
30649,3
30650,3
30656,3
30658,3
30660,3
30700,7
30718,5
30771,5
30806,6
30828,6
30858,6
30863,7
30870,6
30875,6
30876,7
30910,7
30917,7
30948,7
30983,6
30989,5
31008,5
31009,5
31013,5
31029,6
31092,7
31093,7
31185,8
31212,0
31245,0
32262,0
32290,1
32297,1
32299,1
32304,1
32321,1
32324,1
32326,1
32332,1
32346,1
32347,1
32355,1
32365,1
32517,6
33183,0
33269,0
33285,0
33286,0
33379,11
33386,11
33387,11
33415,10
33491,0
33550,3
33574,2
33582,2
33596,2
33599,2
33677,0
33823,0
33847,0
33852,0
34353,0
34371,0
34379,0
34384,0
34479,0
34489,0
34554,0
34630,0
34643,0
34784,7
34876,3
34877,3
34878,3
34907,2
34944,2
34984,8
35022,8
35078,8
35428,0
35461,0
35466,0
35493,0
35549,2
35610,2
35718,0
35737,3
36203,6
36256,2
36270,2
36291,2
36294,2
36297,2
36666,11
36751,0
36988,11
37067,2
37076,2
37169,3
37170,3
37184,3
37267,11
37539,0
37599,2
37612,2
37811,11
37891,0
38011,11
38039,3
38066,3
38068,3
38069,3
38070,3
38085,11
38115,11
38395,2
38563,2
38568,0
38609,3
38633,2
38663,3
38749,0
39087,3
39131,11
39812,11
39820,0
40080,10
40081,10
40082,10
40083,10
40100,10
40138,4
40139,4
40141,3
40142,3
40156,2
40231,3
40234,3
40236,3
40237,3
40238,3
40289,0
40297,3
40580,8
41043,1
41078,11
41302,8
41361,11
41399,0
41820,1
41832,1
41872,7
41873,0
42167,8
42168,8
42169,8
42297,10
42425,8
42450,10
42495,5
42595,5
42822,0
43149,2
43314,2
43698,7
43758,1
43808,1
43814,1
43818,1
43845,1
43911,1
43912,1
43914,1
44042,1
44051,1
44281,0
44311,1
44353,4
44395,2
44485,1
44487,2
44515,2
44534,1
44536,1
44538,1
44544,1
44546,1
44549,1
44580,0
45650,2
46508,2
46593,0
47690,2
47693,2
47698,7
47833,1
48275,2
48283,2
48286,2
48287,2
48300,1
48302,1
48423,2
48433,2
48720,4
50237,11
50238,11
50247,2
50385,11
50489,11
50519,11
50558,11
50581,11
50600,11
50638,4
50679,1
50682,1
50694,1
50791,7
51105,0
51292,0
51340,3
51343,3
51344,3
51368,0
51653,10
52221,8
52715,1
52722,1
52730,1
52747,1
52749,1
52902,7
53273,3
53472,0
53527,1
54049,2
54124,0
54279,1
54281,1
54282,1
54316,6
54318,6
54354,2
54357,2
54362,2
54367,2
54372,2
54375,2
54378,2
54381,2
54384,2
54409,0
54504,2
54968,1
55071,0
55098,11
55119,5
55129,8
55279,0
55417,2
55548,2
55653,8
55805,2
55867,11
55885,0
55887,0
56256,2
56260,2
56290,2
56295,2
56302,2
56309,2
56740,0
57380,2
57381,2
57382,2
57383,2
57385,2
57386,2
57387,2
57390,2
58250,1
58536,11
59140,1
59144,1
59445,3
59488,3
59549,3
60524,0
60759,11
60794,11
61354,0
61729,0
62747,11
63712,11
63729,11
64142,7
64155,4
64444,10
64795,2
65192,4
65207,4
65210,4
65355,0
65620,3
66544,11
68459,0
68882,4
68883,4
69291,6
69351,11
69501,2
69509,2
69676,0
70999,11
71814,1
72034,11
72205,2
72430,11
72653,11
72771,4
72772,4
72773,4
72874,2
73325,2
73328,2
74488,3
75144,4
75190,4
75967,2
76073,7
76218,10
76984,4
77099,11
77225,3
77241,3
77634,0
77658,11
77702,11
78173,4
78204,2
79715,11
79716,11
79803,3
80634,0
80764,11
81093,0
81368,7
81529,0
81689,10
81882,2
81887,2
81890,2
81928,2
82596,10
82882,11
83310,4
83319,4
83321,4
83323,4
84507,4
84660,11
85067,2
85103,2
85118,4
85545,2
85815,11
85823,11
88467,4
88544,4
88545,4
91768,2
91771,2
91888,0
92437,8
92579,1
92587,1
92590,1
93133,0
93700,0
94233,7
94833,2
94935,7
94957,3
95175,9
95178,9
95179,9
95182,9
95186,9
95217,9
95244,9
95245,9
95294,4
96541,11
96867,11
98659,3
99599,3
100127,0
102263,8
102312,0
104366,0
104442,10
104450,10
104728,0
104779,0
105801,11
105805,11
108856,3
109883,11
111919,10
112285,4
112287,4
113113,2
114313,2
114848,0
114953,11
115265,1
115274,1
115277,1
115284,1
116119,10
116124,9
117558,0
118072,8
118185,2
118791,2
119486,6
119500,3
119825,3
121221,11
121282,7
123517,11
123523,11
123529,11
123700,7
124130,7
124363,10
124406,10
125295,2
126187,11
126387,0
126955,11
127300,10
127312,10
127400,1
127821,11
127873,2
129914,7
129917,7
130267,7
130551,11
130588,11
131567,0
132199,9
132200,9
133528,11
134903,10
135163,2
135166,2
135425,2
135429,2
135439,2
135446,2
136231,6
136838,7
137503,1
139644,1
140316,10
141256,1
141711,4
142857,2
143027,7
143623,7
143769,11
143771,11
143772,11
143773,11
143999,4
144001,4
144004,4
144015,4
144017,4
144019,4
144020,4
145349,8
147297,10
147368,0
147385,0
147429,0
150884,10
151208,10
151316,10
152601,10
153640,2
153976,11
156331,4
156332,4
156337,4
158449,7
158806,8
161623,2
161679,2
161696,8
161740,2
162266,8
163722,0
163735,0
163747,0
164646,2
164862,1
164879,1
164882,1
166419,4
167180,10
169417,3
169447,1
169550,4
169725,0
169729,0
169748,0
169862,8
169863,8
171414,7
171576,10
171580,10
171637,0
172511,4
172515,11
173245,7
173649,10
173709,10
175027,2
175115,2
175122,2
175129,2
175333,0
176110,3
176113,3
176304,4
177673,10
177789,10
177928,10
177934,10
177968,10
178025,4
178044,4
178049,4
178475,0
179426,1
180245,10
180246,10
181086,0
181456,6
181468,6
181550,0
182230,7
182238,7
183662,3
184208,0
185573,1
186112,10
186621,7
186623,0
186749,7
186994,3
186995,3
187607,11
187620,11
187632,11
187696,11
188342,2
189314,10
189315,10
189319,10
189527,2
192205,2
192383,11
192434,1
192448,1
192924,0
195881,11
196245,8
197539,3
197540,3
199478,11
205120,7
209173,11
212532,8
213546,11
213859,4
214907,0
214909,0
215788,10
216780,0
217033,0
217614,3
218105,0
219108,3
219112,3
219490,10
224219,1
224230,1
224313,2
226861,11
227180,2
227190,2
227508,3
231877,4
235880,0
235883,0
235887,0
236378,11
236659,11
236781,10
236919,11
237436,2
238069,0
238596,11
238742,7
238884,0
241819,6
243706,7
246456,4
248746,10
252293,10
253710,4
254526,2
254572,2
254655,2
256835,11
259919,8
261156,11
262150,11
262157,11
262181,10
263631,11
263632,11
263641,11
264006,8
265316,0
267213,0
269181,8
270656,7
272199,4
272228,4
272242,4
272310,4
273877,4
274705,6
274795,6
278171,5
282291,0
284551,0
286472,1
286710,11
286715,11
287187,10
288382,4
290403,1
291294,0
292440,8
293508,0
294824,11
295125,11
295648,11
299071,0
299347,10
299362,10
301638,10
301641,10
301957,0
301959,0
302523,4
311092,10
318529,7
319057,7
319058,7
319069,7
319762,9
319765,9
319766,9
319770,9
319773,9
326408,3
327045,0
328321,2
329146,2
330750,2
330899,0
332381,11
333877,11
337677,3
337724,3
337726,3
337729,3
337752,3
338151,3
338153,3
340080,0
343564,1
347697,10
348687,11
353826,11
353830,11
354926,10
364048,11
365066,5
366209,10
372310,2
374468,0
376918,3
378850,3
379582,3
387103,11
389951,0
390319,7
391181,7
396331,0
397427,10
400781,2
400782,2
400783,2
405002,7
409248,11
410274,4
417943,7
418966,0
421285,4
421418,4
424551,0
424562,0
424564,0
425253,0
425629,2
426437,0
426440,0
426441,0
426442,0
428444,6
433502,11
433514,11
433515,11
435411,0
436491,2
454361,4
458188,2
461250,2
461255,2
462262,1
465383,11
466544,2
466552,2
466585,2
466866,11
472251,11
474942,0
475176,7
476429,11
476934,6
479730,4
497220,7
497678,7
497704,7
504567,7
504569,7
523164,10
523174,10
523176,10
523180,10
528041,11
551290,0
552881,2
554915,0
557415,7
558016,0
565685,11
569105,1
569110,1
569643,11
569940,0
572922,9
577242,11
581385,10
581387,10
581389,10
586240,7
603456,7
607660,3
613091,8
619356,11
626425,2
630280,7
640623,0
640630,0
641307,6
641308,6
667167,2
670801,7
670802,7
676061,11
687156,10
687453,3
696215,0
701798,11
703248,0
703913,7
721805,0
723806,3
742845,0
745060,0
745062,0
745067,0
745257,3
766764,0
795077,0
805116,11
880551,2
904181,2
908827,0
948950,3
948951,3
981071,0
981671,3
983290,0
990937,7
1001750,0
1003877,0
1003878,0
1008259,3
1033978,0
1110385,0
1115744,0
1128656,5
1131492,0
1142503,0
1156497,0
1184124,0
1184125,0
1191377,8
1191378,8
1204718,6
1271710,11
1272141,11
1273159,8
1273167,8
1277737,8
1292253,0
1293361,0
1304792,11
1307775,0
1315721,7
1315725,7
1329929,8
1331674,8
1344955,0
1344966,0
1390229,8
1430885,9
1446380,0
1463137,0
1477611,0
1478967,0
1489388,0
1489910,7
1489923,6
1490021,6
1505891,6
1535325,0
1545690,2
1556158,10
1566705,11
1579279,2
1583079,9
1585420,11
1593277,0
1607688,2
1638000,0
1648010,0
1648017,0
1648021,0
1648028,0
1648030,0
1664845,10
1673678,2
1699106,0
1699522,0
1699524,0
1705102,0
1718445,1
1728959,0
1729112,2
1730093,2
1799696,0
1801551,4
1804621,0
1811493,3
1835343,0
1844584,0
1909378,0
1927917,0
1931078,2
1932955,4
1945703,9
1955429,0
1962849,11
1963758,3
2024747,8
2029106,11
2041976,11
2058183,0
2058184,0
2058185,0
2058186,0
2068716,2
2068718,2
2068721,2
2068722,2
2068731,2
2079927,4
2094723,0
2116660,2
2169681,2
2231390,0
2233839,0
2301471,0
2304100,0
2338966,1
2493110,0
2499237,0
2507001,11
2508073,0
2509194,5
2509196,5
2511126,0
2511161,0
2528436,0
2555556,9
2555566,9
2558922,10
2607033,2
2609812,0
2611341,0
2682482,0
2687318,0
2704649,0
2704949,0
2721536,5
2743693,5
2743694,5
2743697,5
2743704,5
2743705,5
2743713,5
2743715,5
2743716,5
2743728,5
2743731,5
2743742,5
2743747,5
2743748,5
2750048,0
2761142,11
2761157,11
2761159,11
2777055,0
2787994,0
2821308,2
2839394,10
2839395,10
2850835,11
2892069,3
2905228,2
2925401,10
2927774,2
2931431,10
2946196,0
2969676,2
2982298,4
2983313,0
2877,0
3215,0
3244,0
3255,0
3308,0
3440,0
3502,0
3573,0
3602,0
3629,0
3646,0
3650,0
3688,0
3699,0
3744,0
3745,0
4118,0
4143,0
4345,0
4454,0
4613,0
4618,0
4667,0
4763,0
4776,0
4805,0
4827,0
4892,0
5042,0
5120,0
5125,0
5139,0
5151,0
5178,0
5185,0
5226,0
5234,0
5258,0
5267,0
5303,0
5739,0
5789,0
5863,0
6049,0
6102,0
6194,0
6219,0
6243,0
6295,0
6301,0
6314,0
6329,0
6348,0
6406,0
6466,0
6547,0
6601,0
6605,0
6646,0
6725,11
6744,11
6774,11
6845,0
6854,0
6893,0
6939,0
6970,11
6974,11
6995,11
7002,11
7036,11
7042,11
7049,11
7055,11
7056,11
7065,11
7081,11
7096,10
7100,9
7114,10
7135,10
7149,1
7174,1
7191,1
7197,1
7198,1
7214,1
7371,1
7392,1
7402,4
7422,4
7423,4
7430,4
7438,4
7455,4
7479,4
7511,11
7520,11
7533,11
7599,8
7682,8
7716,8
7745,8
7762,8
7850,8
7858,8
7864,8
7879,8
7898,0
7914,7
7925,7
7933,7
7992,5
8007,7
8012,7
8065,7
8075,7
8100,6
8101,6
8165,6
8192,6
8205,6
8220,7
8288,7
8314,8
8332,8
8342,8
8372,8
8417,8
8431,8
8445,8
8460,2
8505,8
8511,8
8522,8
8560,8
8572,8
8578,8
8602,8
8689,8
8784,2
8792,2
8799,2
8802,2
8819,2
8826,2
8830,2
8892,2
8893,2
8902,2
8906,2
8920,2
8929,2
8936,2
8940,2
8948,2
9108,2
9205,2
9215,2
9219,2
9223,2
9230,2
9363,3
9369,3
9389,3
9398,3
9415,3
9673,3
9761,3
9810,3
9815,3
9834,3
9850,3
9971,3
9991,3
10220,8
10226,0
10239,0
10442,0
11632,0
13792,0
13819,0
23513,0
26254,0
27479,11
27482,11
27508,4
27515,4
27532,4
27544,10
27791,2
27829,0
27833,0
27921,0
27998,0
28017,0
28568,0
28731,2
28734,3
29035,1
29051,4
29962,11
29994,11
30005,11
30009,11
30225,9
30352,8
30367,8
30411,2
30416,2
30447,2
30449,2
30483,8
30503,8
30725,5
30761,7
30871,6
30892,6
30908,7
30942,7
30947,7
30995,5
31028,6
31184,8
31244,0
32341,1
32434,10
33256,0
33355,11
33358,11
33362,11
33366,11
33370,11
33375,11
33381,11
33406,1
33460,10
33464,10
33511,0
33651,0
33825,0
33831,0
33846,0
33851,0
34346,0
34374,0
34478,0
34531,0
34542,0
34636,0
34672,11
34687,1
34695,4
34979,8
34989,8
35036,8
35460,0
35491,0
35499,3
35675,0
36138,11
36141,11
36161,11
36668,4
36750,0
36985,11
37093,0
37104,0
37538,0
37569,10
37571,9
37572,10
37581,10
37582,10
37584,10
37909,11
37987,0
38096,11
38607,3
38608,3
38611,3
38748,0
39814,11
39816,11
40040,10
40093,10
40096,10
40307,4
40553,0
40667,8
41012,10
41030,10
41097,11
41142,11
41155,11
41166,8
41712,7
41811,1
41827,1
41830,1
41945,0
42265,10
42282,10
42289,10
42300,10
42449,10
43062,5
43085,4
43148,2
43254,6
43745,1
43749,1
43750,1
43755,1
43792,1
43831,1
43838,1
43871,1
43878,1
43882,1
43901,1
43910,1
43913,1
43916,1
43917,1
44040,1
44330,11
44484,1
44543,1
44545,1
44548,1
44578,0
45053,11
45443,7
46562,11
47526,0
47697,7
47757,7
48301,1
48384,1
48704,11
48715,11
48991,1
50370,7
50374,7
50424,0
50527,11
50554,11
50599,11
50623,11
50673,1
50674,1
51964,8
52632,4
52721,1
52723,1
52729,1
52735,1
54286,1
54288,1
54907,7
55070,0
55118,5
55153,3
55199,11
55652,8
55708,0
55746,0
56259,2
56301,2
56308,2
56718,7
56724,6
57379,2
57384,2
57389,2
57506,0
57514,11
57894,1
58247,1
58262,1
58774,11
60154,11
62155,2
62802,11
63707,11
63715,11
63826,7
64154,4
64387,11
65022,10
65149,4
65163,4
65170,4
65619,3
66056,8
66704,2
69128,7
69679,0
70336,0
70893,11
70899,11
70987,4
71274,0
71527,11
71541,11
72033,11
72045,7
72530,1
72651,11
73020,0
74489,0
74972,0
74975,0
75187,4
75200,4
75981,0
76072,7
77572,4
77573,4
77657,11
78169,4
78171,4
79514,11
79705,11
79706,11
79709,11
81386,7
81687,10
81953,8
82587,10
82593,10
82616,10
82617,10
82738,11
82886,11
83146,0
83311,4
83881,7
85512,0
85772,4
86197,7
92558,1
93884,10
94017,0
94930,7
98297,0
98302,0
98966,10
100750,10
102812,0
104425,10
104437,10
104783,0
105387,0
105389,0
106219,0
106221,0
106231,0
106236,1
106499,10
110618,0
111520,11
115244,1
115263,1
115350,11
115354,10
115362,0
115407,11
115588,11
116151,11
116561,11
116575,11
117887,8
118184,2
120862,0
121069,0
122737,11
123731,7
123757,0
124129,7
127320,10
127399,1
127820,11
129918,7
129920,7
130269,7
131214,0
133075,11
133076,11
134612,6
135860,11
136836,7
143026,7
143727,11
143733,11
144867,11
146277,0
147380,0
147428,0
150883,10
156152,0
156309,4
156312,4
156323,4
156330,4
160439,0
160513,11
161768,10
162474,0
163725,0
164860,1
167475,11
169700,0
169705,0
171578,10
172377,4
173647,10
173680,11
175332,0
177618,10
177669,10
177781,10
177924,10
185809,11
185816,11
186093,11
186108,10
186111,10
186619,7
186625,0
186627,5
186632,5
186745,7
186826,0
189317,10
189482,7
192204,2
193206,0
195166,11
196982,11
199476,11
204509,0
205141,4
211566,11
211568,11
212526,8
213545,11
214607,0
216260,0
216276,0
216318,0
216423,4
216441,0
219121,0
221903,0
222823,4
222831,4
226749,11
227334,0
231213,0
232378,0
235629,0
235631,0
236915,11
241799,0
241818,6
253723,4
261009,0
265318,0
268499,10
270602,7
274692,6
274794,6
282414,8
284555,0
288404,4
288410,4
315429,0
318546,7
318559,7
319783,9
328320,2
337664,3
337673,3
344705,10
344711,10
359160,0
370421,0
376915,3
376916,3
376917,3
376919,3
378855,3
379589,3
399129,0
404429,0
406428,0
423054,0
424554,0
436489,2
451442,0
451455,0
451871,0
452338,0
461499,7
469321,10
523093,11
524420,11
526418,11
551351,0
555406,0
555407,0
629296,11
639021,0
655439,0
670798,7
676060,11
681950,0
685122,8
685130,8
686349,11
695564,9
698016,6
715340,0
721789,0
879230,11
948953,3
1002748,2
1008263,3
1028384,0
1049651,11
1053962,10
1056966,1
1110380,0
1159319,4
1203512,0
1292243,0
1307796,0
1324880,11
1329920,8
1330544,8
1344963,0
1410427,11
1489620,5
1489739,5
1489793,5
1489845,7
1489905,7
1489907,7
1489908,7
1489909,7
1489913,7
1489919,7
1489922,6
1489928,6
1489929,6
1489931,6
1489935,6
1489938,6
1489939,6
1490020,6
1545895,6
1545897,6
1545901,6
1545920,6
1579275,2
1579283,2
1588183,1
1612408,0
1639119,0
1648026,0
1648033,0
1652080,0
1699513,0
1699523,0
1804623,0
1861795,1
1884633,0
1924738,0
1927915,0
1931080,2
1956187,2
1963757,3
1963759,3
2024743,8
2058181,0
2058949,0
2082224,0
2082909,0
2116661,2
2204151,0
2218862,11
2233838,0
2233855,0
2233857,0
2301094,0
2507557,8
2507920,0
2558200,2
2601530,0
2605334,0
2653790,3
2681869,10
2682553,8
2704647,0
2705894,0
2726947,0
2732524,0
2743695,5
2743714,5
2743726,5
2743745,5
2750049,0
2760431,0
2768097,11
2785018,8
2812636,0
2821352,0
2822797,0
2916678,0
2948571,0
2948578,0
2982303,0
2982305,0
2983527,0
2985477,0
2797,0
2870,0
3166,0
3268,0
3313,0
3398,0
3524,0
3615,0
3931,0
3977,0
4479,0
4668,0
4710,0
4734,0
4762,0
4891,0
5114,0
5257,0
5338,0
5653,0
5719,0
5819,0
5934,0
6020,0
6101,0
6125,0
6137,0
6159,0
6180,0
6193,0
6218,0
6249,0
6308,0
6341,0
6447,0
6497,0
6552,0
6562,0
6580,0
6638,0
6665,11
6675,11
6684,11
6724,11
6738,11
6843,0
6844,0
6962,11
7080,11
7117,10
7128,10
7139,10
7143,10
7211,1
7296,1
7366,1
7381,1
7399,4
7401,4
7408,4
7458,4
7501,11
7570,0
7674,8
7681,8
7713,8
7761,8
7863,8
7900,7
7911,7
7991,5
7995,5
8002,5
8043,7
8064,7
8070,6
8076,7
8107,6
8111,6
8112,6
8219,7
8224,7
8252,7
8292,8
8293,8
8416,8
8548,8
8570,8
8783,2
8798,2
9214,2
10219,8
12429,0
16360,0
26339,0
27439,11
27450,11
27474,1
27841,0
27997,0
28009,0
28781,7
29026,11
29140,5
30001,11
30073,11
30083,11
30102,11
30187,11
30248,10
30302,8
30496,8
30907,7
31022,6
31089,7
31277,0
32521,7
33083,0
33283,0
33284,0
33341,11
33354,11
33356,11
33357,11
33359,11
33365,11
33373,11
33377,11
33385,11
33836,0
33850,0
34667,11
34680,1
34725,4
34735,4
35033,8
35070,8
36151,11
36164,1
37528,0
37567,0
37570,9
37573,10
38820,0
40092,10
40304,4
41011,10
41029,10
41042,1
41073,11
41088,11
41116,11
41197,0
41242,8
41243,8
41666,8
41711,7
41768,0
41828,1
41831,1
41937,0
41938,0
42315,10
43697,7
43734,1
43741,1
43742,1
43744,1
43746,1
43753,1
43784,1
43786,1
43787,1
43790,1
43793,1
43801,1
43817,1
43866,1
43867,1
44482,1
44483,1
44570,1
44598,0
45049,11
45080,0
46881,1
47522,0
48719,4
50488,11
50553,11
50557,0
50645,10
50671,1
50672,1
50827,0
53550,1
54906,7
54970,1
55086,11
55824,0
55879,0
56717,7
63710,11
65171,4
68889,0
69675,0
70404,11
70405,11
70906,11
71192,11
71193,11
71239,0
71525,11
71526,11
71529,11
73401,4
74971,0
74974,0
75543,11
75546,11
75739,0
75966,0
76071,7
78170,4
79707,11
79708,11
82592,10
83232,8
84337,11
85819,11
91061,0
91835,0
91836,0
92621,11
92860,0
93880,10
94015,0
94020,0
96475,0
102804,0
104423,10
104430,10
104431,0
104432,10
104435,10
104493,10
105390,0
105710,0
106218,0
106220,0
106496,10
114656,0
115405,11
116557,11
116571,11
116574,11
116706,11
116707,11
117569,8
117893,8
118040,8
118152,7
119195,8
119196,8
123349,7
123357,7
124286,4
124343,10
129369,11
130264,7
131213,0
137627,0
140493,0
147367,0
147369,0
147387,0
147545,0
147548,0
147549,0
147553,0
147554,0
155616,0
162481,0
162484,0
169697,0
171638,0
177617,10
177765,10
181389,7
185812,11
186626,5
188550,0
193205,0
211564,11
214506,0
214597,0
216285,0
216294,0
219120,0
222543,0
222544,0
226742,11
232639,11
236347,11
241789,0
253718,4
253722,4
259437,0
278205,0
297308,0
304574,0
319056,7
319095,7
351509,11
351514,11
355688,0
403667,0
406427,0
422676,0
436486,2
451435,0
451460,0
451867,0
500008,0
504493,1
523712,11
523720,11
554674,11
572384,11
693921,0
730330,11
730331,11
730333,11
868270,11
977779,0
1035538,0
1049656,11
1141492,0
1253825,0
1329911,8
1329922,8
1329961,8
1329975,8
1329976,8
1338366,7
1437183,0
1437197,0
1437201,0
1445964,0
1457286,0
1478969,0
1485168,0
1489100,7
1489341,0
1489460,5
1489844,7
1489872,0
1489877,7
1489880,7
1489884,7
1489900,7
1489904,7
1489940,6
1489943,6
1490028,7
1521258,0
1521260,0
1538075,0
1579336,2
1648036,0
1652081,0
1683801,10
1732206,11
1779146,0
1803217,4
1919246,0
1955251,4
2003540,0
2029065,11
2045261,0
2072716,0
2082223,0
2082883,0
2153479,4
2169561,0
2212703,0
2231382,0
2231387,0
2315723,0
2601529,0
2607030,2
2608131,0
2682552,8
2683629,0
2683659,0
2692351,11
2696291,0
2732523,0
2783445,0
2816136,0
2823314,8
2840070,0
1239,0
2763,0
2806,0
2830,0
2836,0
3041,0
3214,0
3568,0
4210,0
4447,0
4761,0
5302,0
5752,0
5794,0
5796,0
6042,0
6179,0
6217,0
6274,0
6300,0
6340,0
6448,0
6545,0
6546,0
6658,11
6683,11
6692,11
6712,11
6855,0
6905,0
6960,0
6961,11
7020,11
7033,11
7148,1
7203,1
7400,4
7434,4
7516,11
7524,11
7540,11
7588,8
7638,8
7705,8
7712,8
7735,8
10190,0
10197,0
10207,0
10232,0
26122,0
27434,11
27871,0
29000,0
29811,0
29979,11
30261,11
32446,5
32519,5
33339,11
33350,11
33351,11
33361,11
33368,11
33380,11
33467,0
33680,0
33829,0
33849,0
35069,8
37516,0
37568,10
38130,11
40551,0
41033,10
41084,11
41085,11
41086,11
41087,11
41196,0
41819,1
41829,1
41944,0
42113,0
43733,1
43738,1
43739,1
43740,1
43752,1
43754,1
43813,1
43846,1
47521,0
50622,11
51241,7
58019,0
58023,0
58024,0
63711,11
69555,0
70910,11
71275,0
71528,11
73496,0
83145,0
84318,11
85817,11
91827,0
91834,0
93873,10
94929,7
104434,10
115361,0
116172,11
116569,11
116704,11
117565,8
118077,8
119088,0
119089,0
119197,8
119203,8
123368,0
123369,0
127218,10
129912,7
140693,11
147370,0
147537,0
147538,0
147541,0
147550,0
155619,0
166126,0
177616,10
181483,7
186622,7
186624,7
186628,5
186633,5
194286,0
213547,11
214504,0
215451,0
216275,0
241778,0
241806,0
431838,0
451507,0
451866,0
451868,0
452284,0
452333,0
480118,1
523864,11
535382,11
555280,0
569578,0
715989,0
716546,0
977775,0
1206795,0
1329912,8
1329950,8
1330543,8
1476529,8
1489343,7
1489798,7
1489843,7
1489874,7
1489876,7
1489878,7
1489892,7
1489894,7
1489921,7
1521262,0
1648037,0
1683727,10
1723665,0
1732196,11
1927913,0
1930602,11
1955247,11
2153468,4
2174975,11
2231393,0
2301116,0
2301119,0
2315720,0
2497438,0
2510002,11
2683628,0
2683660,0
2692248,0
2692343,11
2732007,0
2732514,0
2836391,0
2840056,0
2908833,0
2939015,11
3814,0
4037,0
4209,0
4890,0
5204,0
5878,0
6040,0
6074,0
6178,0
6236,0
6657,11
6682,11
6752,11
6820,11
6821,11
6830,11
6947,0
6994,11
7041,11
7147,1
7190,1
7509,11
7587,8
7624,8
7625,8
7878,8
7899,7
10206,0
30262,11
30263,10
33342,11
33349,11
33367,11
41071,11
41191,0
43737,1
43789,1
43953,11
47520,0
61985,11
71240,0
78536,0
93875,10
112252,0
115360,0
123367,0
133550,8
147100,0
186634,5
197562,0
216307,0
281668,0
282425,5
404260,0
451459,0
480117,1
523721,11
715962,0
716545,0
1215728,0
1280412,0
1437180,0
1489340,7
1489841,7
1489873,7
1489875,7
1489883,7
1489885,7
1489920,7
1683728,10
1783272,0
1913637,0
1955150,11
2172821,11
2608109,0
2692238,11
2697495,0
2697496,0
2732005,0
2732409,0
2785011,0
2785015,0
2,0
3208,0
3803,0
6157,0
6544,0
6599,0
6670,11
6993,11
7001,11
7568,0
7586,8
10205,0
32440,7
33347,11
34634,0
72037,11
72041,11
83136,0
91882,0
123366,0
133551,8
197563,0
216305,0
364270,0
451864,0
735337,0
1489838,7
2732004,0
2732397,0
4036,0
6681,11
6946,0
33345,11
72025,0
123365,0
2172819,11
2559587,0
33343,11