node, weight
1,86077065196
3055,973523
3088,200194
3144,114535
3750,196244571
3752,100241690
3986,129324294
4460,94716358
5791,217656
5802,15067481
6239,5197080
6253,157498
6289,152318
6339,178494
6454,90607613
6455,65251112
6549,98494632
6579,65698912
6596,142423
6613,161950
6645,117887
6850,160969
6973,63678555
6978,89123977
6997,40528503
7004,106908402
7029,60681762
7038,49672824
7044,131696177
7048,242025584
7054,86841275
7061,152160313
7064,75435986
7067,44499594
7070,23405014
7084,87828392
7091,39083468
7092,25575461
7102,28026756
7107,65989221
7108,28511000
7109,5745
7111,21383573
7113,49630017
7116,33006992
7130,28634231
7137,28450235
7141,4942
7153,4884578
7159,91248813
7160,92071652
7165,86863892
7167,9740805
7168,7242922
7173,11109121
7176,52278875
7200,8731905
7213,40188604
7215,2058793592
7217,66283107
7218,55743990
7220,31415437
7222,13959221
7224,14497385
7225,54911787
7226,39041708
7227,31278569
7229,81750256
7230,20923985
7232,3093659
7233,55684873
7234,55815238
7237,65803239
7238,42676237
7240,31741053
7241,10653220
7244,33459222
7245,34766917
7248,46965242
7249,58187879
7251,48703965
7252,6896487
7257,8775385
7260,44999054
7263,4249914
7266,11259629
7274,34431833
7282,24657964
7291,24788992
7368,35481728
7370,45046959
7373,37855793
7375,37297804
7380,39999066
7385,30237200
7386,41282784
7394,57163285
7395,31954096
7398,32287254
7416,29970648
7421,10181417
7425,63371683
7426,20202740
7427,20808406
7445,12927696
7446,7933661
7454,17709441
7460,41600006
7462,3672831
7463,4486255
7493,15584587
7515,62043848
7536,28743623
7539,89618719
7604,59122665
7609,79472131
7611,84428405
7742,42031119254
7753,58097610
7757,57044883
7764,132213
7830,73374208
7868,27384959
7906,154483725
7913,73535953
7918,38781955
7932,38937310
7936,117329681
7938,51428191
7950,69270198
7953,1616762432
7954,475625838
7955,109010583
7957,153456949
7962,107009117
7965,84242660
7994,91156688
7998,142359640
8005,41863639
8010,80077254
8017,130433293
8018,67255459
8019,102845428
8022,70705197
8023,71898623
8030,98004051
8032,156145725
8033,188388428
8040,86545593
8049,66879665
8056,58301582
8074,38734038
8078,92776924
8081,38202985
8083,42122497
8084,62873287
8090,61433346
8103,40438980
8128,140571743
8150,56232450
8153,42390488
8154,63563584
8161,33346245
8167,109961344
8168,104824453
8175,72121811
8177,96204529
8187,26289596
8208,65740471
8218,179934269
8236,66602723
8238,66375048
8255,19237207
8267,40325343
8284,126386849
8296,464808325
8355,79387390
8364,60692355
8384,109375885
8386,124749070
8407,106111514
8457,10669242701
8459,1950182475
8467,71142754
8469,76674106
8475,115154576
8477,80752139
8478,80685373
8486,1242212119
8496,90930899
8502,61589692
8508,127047222
8519,79401234
8524,40059207
8616,60623432
8628,78781408
8630,94085519
8663,86899840
8673,86816105
8724,58943281
8729,54384645
8742,83471068
8773,82092327
8787,9147824
8790,9044782
8795,4420557
8797,5216986
8805,6014908
8823,7705702
8824,13006817
8839,53245886
8840,8095763
8845,14854554
8846,8768883
8851,6148941
8853,11277823
8868,12053488
8869,11817055
8884,12170187
8897,8645450
8905,6459448
8932,7235831
8947,7087086
8954,7274848
8957,43443598
8969,11111913
8996,10085165
9002,8974316
9009,13921293
9014,12904648
9031,11180172
9049,9590604
9050,11882566
9054,16151201
9065,18522559
9089,12059473
9103,22724972
9117,6833863
9121,13836092
9132,8942286
9135,33886457
9157,9767754
9160,10376374
9163,15421662
9172,8260216
9176,8210235
9191,44937650
9209,13428131
9218,6273621
9226,7204446
9228,10492625
9233,7713912
9234,11235777
9238,9365092
9240,8398969
9244,22379509
9252,8795934
9255,20652582
9258,20255340
9263,376354982
9305,44874333
9315,0
9337,36527847
9347,7198253140
9348,18188122
9355,588627
9358,4383584
9361,3774447
9365,3382063
9371,2908337
9392,1651323
9397,565868256
9402,1135894
9407,46725731
9413,2525058
9417,1946362
9423,26858872
9430,1601744
9433,2038054
9438,2597368
9443,1310967644
9447,1021298
9460,1256517
9470,917001
9479,173837249
9483,27057070
9491,861473
9509,1430082
9514,844681
9515,27983490
9516,1356645
9526,828866672
9531,1300983
9538,808501
9541,28752592
9543,41912471
9544,30918517
9545,27424997
9555,1167999
9561,61483290
9565,39761431
9568,1284634
9589,31119623
9590,40090588
9593,29155071
9595,29155071
9597,30600705
9598,25142557
9600,43412967
9601,294953
9604,130844180
9605,1572557
9606,1501275
9612,51202296
9615,0
9622,942874
9624,21230732
9627,28719191
9643,54191430
9644,77359979
9646,1496925
9649,505447
9657,49081403
9664,818762
9668,25190796
9669,24116017
9672,708698
9678,18081637
9680,21380205
9685,46987115
9689,22938021
9690,762388
9691,1303656
9694,23435281
9696,297662
9704,696493
9707,65519
9711,24207906
9713,1670210
9715,22174346
9716,1017659
9720,41334452
9725,641290
9731,22187194
9733,1453314
9739,1980293
9742,871102
9749,1523012
9755,52374982
9760,1626179
9764,1262138
9767,24320912
9770,35498867
9771,25241468
9778,28753001
9783,26608826
9785,57094056
9787,221920403
9793,22845281
9796,25394626
9798,1147224
9801,605438
9802,980014
9805,85528930
9807,28496937
9813,29715669
9818,54792423
9823,65445684
9833,2614035
9837,651569
9838,435617
9840,27783261
9843,25167109
9844,21598005
9849,1405009
9852,20356457
9860,14025929
9870,25074419
9874,1287339
9877,39042264
9883,24437772
9886,23076390
9888,22491764
9891,25209398
9897,18899685
9899,1178764
9901,2572211
9904,22791285
9913,22884852
9915,1233951
9923,582592
9925,48342301
9927,19906635
9938,31603446
9940,34789365
9970,41313462
9974,642665
9978,1342917
9986,22226376
9989,1560838197
9993,25276634
9994,24753271
9995,60197430
9999,42413744
10020,18544869
10023,19517715
10029,3400368
10036,3745762
10041,56738248
10042,25560294
10047,561961
10060,3078622
10066,338530459
10068,1875355
10085,1109239
10088,100525919
10089,1514194
10090,5343980
10093,2064081
10096,473152
10103,53758193
10105,22307183
10112,27392313
10116,440463
10117,28204341
10137,972314
10141,43057558
10149,2306196
10157,1558047
10160,1394125
10166,569285
10169,656654
10181,53765802
10183,246263
10224,204011
12930,7063445
12957,38838295
13037,36668375
13114,7409329
13146,8696499
13164,33347966
13180,8873774
13233,26527259
13245,8320839
13249,38574849
13262,43742057
13397,156321242
13489,35427046
13515,1025629
13616,64104300
13632,25209762
13686,96060541
13735,66975763
13746,6191083
27454,80006476
27457,23555740
27615,1128830
27622,28054857
27642,1717415
27675,1239001
27679,49318697
27687,81329017
27704,106633288
27706,165525122
27794,54461991
27835,318392
27923,61153
28377,53824015
28584,78962350
28588,25551928
28610,90820221
28612,81219980
28689,9430562
28697,8043398
28711,7519834
28713,9337166
28716,13828625
28724,9675191
28737,2280523
28743,56234727
28829,68063170
29029,25735486
29030,24856972
29031,31332221
29053,93818100
29057,25407657
29058,13773899
29064,29771736
29073,539516
29078,23948871
29088,579105
29091,2584944
29092,49154461
29137,27203026
29139,56247253
29144,86993918
29158,183936
29159,120086
29656,45109067
30018,21922680
30019,7748882
30023,24399814
30025,19455215
30033,24620875
30065,685782
30066,13588109
30068,1117075
30069,24185062
30076,75298266
30191,32551655
30194,27903420
30195,38407416
30201,18815200
30207,32763387
30212,23288572
30213,5752985
30317,47557976
30331,102967665
30357,94806855
30388,6394138
30410,10285206
30419,7980418
30423,11633165
30455,6553636
30456,6876431
30457,8768052
30461,10976148
30464,5202870
30521,22992601
30522,23150991
30527,37332814
30538,44529099
30551,1378543
30586,31684604
30589,955552
30602,37631115
30608,2441821
30611,1925519
30640,87064934
30732,48949198
31033,25409253
31142,46980354
31869,1455894
32389,88863326
32443,20782693332
32473,52866445
32523,20069646179
32524,18272855929
32525,7577209485
32536,1230606
33208,83165102335
33317,40726785476
33412,8777546
33416,364260632
33418,14378334
33423,7598202
33425,7192402
33427,7382662
33428,6308651
33429,12918943
33440,6648333
33441,15617567
33442,28569930
33444,16687625
33455,26961891
33457,6586080
33528,27155526
33548,31428305
33553,466289773
33554,1228146833
33556,310800
33562,30486650
33584,9375881
33598,7311993
33601,8018262
33616,17376973
34620,161803102
34682,36512833
34690,7717325
34691,9698238
34720,41117106
34729,18945873
34739,40677476
34773,157903263
34785,29485846
34787,48202894
34816,28826864
34827,870974
34839,1353302
34842,441169
34844,25083884
34846,2339069
34873,20779249
34875,292185
34880,20174929
34882,23655781
34884,43665080
34886,41930663
34903,58832319
34926,15058602
34956,10430433
34996,84868801
35005,52419906
35523,43591579
35570,35614074
35657,49052755
35658,23406822
35670,52966629
36166,33088455
36176,51989488
36185,128746401
36190,114369065
36200,73545082
36212,139274333
36226,33603082
36227,188265
36239,26270554
36248,13250230
36249,7729631
36263,11785566
36268,7919818
36275,9766520
36300,7074211
36667,57740927
36722,17932623
36723,23228276
36987,44716600
37001,16800810
37003,39799077
37032,1106704
37040,6113107
37042,8415151
37046,9754804
37079,6974305
37080,8934364
37081,8780087
37083,13386742
37174,17837456
37176,22603112
37181,33642944
37190,43894712
37273,39512207
37293,1516185
37344,15333506
37546,30771063
37548,681203
37610,58126928
37627,20784039
37653,258223
38123,48110452
38162,102367546
38358,47600216
38397,7502583
38527,133660651
38618,20164558
38626,44626541
38654,72383770
38669,2494208
38674,3334152
38772,80426334
38775,33132839
38881,179304
38941,57762062
38942,155735970
39082,2485779
39086,1832504
39099,44361866
39107,277345849
39432,49318697
39466,29667083
39617,9763742
39621,10024794
39638,13851182
39758,11455795
39961,13365282
39963,15307214
40077,18723102
40085,45189992
40151,542365
40217,9941379
40233,0
40366,9178162
40370,11034794
40674,7600222301
40690,156474145
40692,105586042
40817,19629574
40818,7668455
40830,97833941
41101,66078400
41112,8472898
41139,163171662
41261,964762
41426,23629907
41427,5381279
41447,37640265
41882,162815
42026,28083794
42062,2993861
42100,23930749
42192,158324
42254,2208476
42275,25474324
42410,27254388
42415,2148799
42514,71177094
42526,62834161
42563,35188167
42636,89284191
42648,25381982
42839,2384658
42896,30117982
43041,3016815
43146,27953421
43151,2136411
43179,22905584
43256,160426115
43316,7605352
43321,1134842
43332,1953389
43455,8132815
43580,12391870
43689,79549333
43700,52295102
43777,906649
43780,723609
44316,27707842
44318,56813875
44394,11926537
44477,9755695
44489,50987989
44507,59322382
44668,57153026
44679,71889013
45264,237818
45351,52937139
45450,10002608
45479,37218300
45637,12211740
45779,25209423
45807,26903555
46245,33397862
46259,33524268
46513,10960082
46829,19183944
47180,838284
47230,21944429
47281,328449
47308,87785830
47314,28987351
47315,29785957
47692,8182966
47695,8594712
47969,73552773
48086,634856
48139,1771173
48155,16359033
48193,52280413
48278,7312286
48396,8235837
48397,8306774
48426,9983482
48427,18441060
48435,7434472
48560,21170554
48668,109923202
48681,20096362
48698,38157346
48699,34541062
48701,35782866
48709,31988548
48723,258444
48745,408868
48752,1165522
48849,9669593
48850,422662
48883,11805920
48891,9357415
50251,8849725
50390,105893033
50392,7668206
50402,8716714
50954,29336484
51154,974903
51298,31357370
51337,598960
51338,3563893
51342,2429386
51346,2208703
51355,28605422
51650,88253142
51655,54106166
51695,506959
51858,65116153
51900,8628917
51906,8496577
52224,60390281
52239,87874435
52612,39584438
52622,8038406
52644,7083294
52647,7469502
52653,61684907
52664,40926941
52719,68355251
52777,18949466
52904,22684917
53275,39667519
54017,7102677
54023,6555798
54059,6657566
54126,104667
54131,27090167
54133,942680
54180,29140334
54317,89411436
54343,74642493
54356,7451718
54359,7004640
54369,6386218
54374,8779389
54380,7383027
54383,6206376
54386,5955672
54508,5903918
54600,29725229
54601,28912697
54971,6244112
55057,55688659
55149,71822264
55544,106419733
55550,52635878
55661,7863934
56067,7476071
56068,7872765
56069,8039350
56086,57190187
56194,22403784
56258,6177125
56262,7319337
56311,7443469
56313,8346443
56343,7521358
56364,35645995
56622,19529165
56716,51008454
56723,81980192
56726,45781951
56798,39717480
57062,20140131
57068,6941422
57237,10218500
57240,9062247
57247,7910862
57397,7789809
57412,7852538
57421,8802136
57439,10270390
57737,50389345
57865,93524945
57926,65141135
58065,48273975
58069,1803821
58203,9639335
58323,135733342
58824,28644729
59463,57189931
59472,25640939
59474,690294
59476,766137
59479,42709283
59527,1412227
59534,19732045
59538,1635093
59542,32396328
59556,18218374
59729,16099159
59861,169170384
59894,1697583
59899,74878417
59916,45722264
60409,59866320
60468,9599490
60711,58351208
60746,24433156
61156,35772420
61221,53778344
61376,20892946
61379,305128
61383,21359867
61384,20562593
61388,33976187
61472,74983611
61474,78708556
61476,74224823
61478,80684956
61482,70047281
61484,76662076
61621,1090652
61622,2355538
61643,46633893
61819,53252880
61853,1467586
62018,42876603
62062,138341333
62324,41770355
62749,33112679
63121,237306
63155,71362034
63433,73970585
63434,32477385
63436,54563497
63976,28007016
63990,45648594
64144,35288869
64176,95036016
64278,10847865
64391,90529095
64459,41388268
64668,34179486
64717,21933428
64791,26711788
64793,34973898
64799,19320610
64802,9160086
64838,25386771
65476,48485027
65598,27866981
66420,6879074
66442,18341359
66444,20083265
66707,8387591
66713,139098
66913,76519022
67531,25316410
67533,29367865
67534,48009195
67767,16693048
67801,28341498
67830,156332475
68294,30304477
68408,31556472
68415,1035207
68464,35176812
68486,12618065
68497,9681008
69004,2539274
69234,50836164
69293,48668221
69297,15246453
69308,29426005
69311,20387396
69319,40829415
69332,1733544
69355,426900
69811,112536825
69820,26224744
70433,76634723
70687,157705
70778,87501
71006,2155658
71117,918118
71119,1486351
71854,24841327
72004,1546661
72105,124836748
72248,50641574
72267,23395194
72446,83208742
72542,24703768
72544,21479866
72781,26108043
72791,15709754
73157,22274380
73324,28256228
73327,8077866
73330,8402413
73333,11708106
73337,25004183
73917,28933869
74200,8575147
74533,21852144
74869,26173878
74873,10487182
74909,116779838
74926,77522333
74940,96523684
75152,71339194
75162,83106062
75169,86831147
75352,84004082
75366,97890008
75485,6721129
75864,9744057
75869,9758906
75917,24591243
76066,72786939
76193,33039087
76194,6884020
76198,6520043
76199,17452081
76206,24404027
76338,47679947
76340,38057387
76712,3807241
76717,20259887
76990,37241117
77115,61226800
77151,22659997
77166,25605203
77214,537259
77252,6548
77598,1172368
77932,41545990
78185,6204341
78217,8705297
78633,77296084
78897,94612741
79626,7860488
79627,14641989
79633,6819950
79643,8460777
79653,8263459
79684,1632264
79782,50603408
79784,33424388
79805,30342661
80427,45174827
80765,10645219
80833,32023571
80966,63784450
80972,58199705
81572,27539111
81927,14746392
82127,19813274
82366,31774325
82595,29535045
82600,70987261
83376,4583380
83485,18118983
83487,8182220
83647,41144464
84645,164512681
84702,24150292
84834,22888123
85066,13567053
85069,9942462
85105,10905971
85120,22569817
85443,22658637
85444,26094754
85585,38623538
85660,22450366
86224,57474272
86971,46812114
86973,1859592
87175,26352404
87288,1071610
88005,96455252
88029,997418
88036,112191
88082,51890549
88087,81884554
88112,10022551
88201,65361156
88217,10763550
88501,33787694
88514,46510346
88531,50704078
88556,69133557
88686,58695854
88925,87723261
89197,110255694
89248,26867904
89386,7555741
89399,1876506
89462,213862
89632,29987302
89673,48663195
90247,49176241
90988,88905621
91212,123705691
91411,11207933
91422,27055173
91561,1855997037
91738,71487306
91739,57122996
91767,11004236
91951,21999961
92683,11629926
92688,8286161
93162,54046882
93163,50312158
93504,36504770
93934,8490826
94109,25048324
94128,8098373
94188,1011370
94232,73553657
94237,38451948
94827,5767255
94885,45109862
94893,53666634
94911,84085784
94953,34277856
94963,1148334
95170,83771172
95593,82064285
95620,48331151
95912,1717143
96440,109293937
96539,9369855
97097,9330259
97206,24123118
98310,166816
98964,19628422
99837,4013364
99882,9716615
99883,21367246
100190,37164687
100784,7583329
100819,7622428
100952,74919986
101364,109634516
101932,1798104
103372,45961788
103600,54795886
103695,61825235
103765,17945347
103775,25754021
103933,30039034
103944,59597052
103956,10160977
104421,52867363
104447,52964856
104452,47149958
104460,35087651
104474,101884941
104476,48337291
104658,82847886
104688,57850952
105023,97733174
105785,46667155
106582,81397406
106734,113827023
107208,9000080
108405,13645350
108852,1735358
108858,1887244
108931,95479562
108974,24372810
109027,82319136
109280,47618826
109356,17268904
109478,2056896
109678,57087119
109905,88743635
110193,10928124
110368,34265798
110676,8095851
111784,41095148
111811,26643666
111838,30295640
111875,19069851
111881,43670623
111903,53682686
111917,31193210
111923,62650379
112262,17837456
112268,5003594
113103,47361197
113115,10341683
113330,153399304
113334,77393018
113540,42037956
113544,28286682
114276,7465964
114329,29857869
114331,7891524
114369,8244776
114398,117929
115081,32524253
115100,59307628
115357,148753272
115425,24885066
115618,7434971
116121,40869493
116126,163530804
116130,45160721
116150,61915875
116153,20072431
116960,41575384
117165,7484597
117534,62854
117571,41200478866
118141,34079922
118183,10060978
118200,11094409
118793,7786617
118797,382042
118798,0
118852,1784326
119488,66115571
119604,11401606
120794,11829273
121224,4031383
121488,499317973
121530,7831980
121554,127334394
121845,27097618
122231,21045743
123217,18482182
123683,91352720
123851,43237350
124412,22032307
125297,9580002
125878,87392266
125945,96862543
126373,63364931
126836,11506999
127322,417537209
127582,24757944
127929,16396971
128390,8637371
129108,112868880
129224,20098275
129397,16758741
130686,28487317
130704,14173465
130708,15557650
130825,17394340
132113,15047502
132243,22205981
132585,8832335
132908,23074423
133082,41795044
133901,25736950
134902,17637742
134920,46165893
135165,8080200
135168,10696845
135433,19982631
135441,9588290
135761,39689678
135764,45008580
135765,53853895
135921,5542014
135972,9114719
136037,28273436
137070,19013805
137072,10908695
137074,31569535
137078,22338065
137178,138250
137246,156431743
137355,22179845
137520,47990050
137541,8192488
137693,87239274
138070,67481954
139649,57791267
139677,27376857
139723,4489103
140453,94862
141832,121588
141839,6211623
142471,15195569
143287,1406918
143291,27803815
143292,2570604
143302,616998
143351,22788684
143606,228659021
143630,71632011
143722,30166169
143724,17249103
143735,49109089
143948,25517818
143950,52591918
143995,19994322
144034,29114636
144197,35544573
146810,23636454
146911,82548459
146921,48054884
148065,0
148594,22504442
148810,21300953
148989,55616050
150288,43501780
151541,48553313
151549,58028920
152616,12612311
153643,12779548
154130,3109364
154832,26910608
155063,74701544
155067,124632766
156170,9089080
156304,15267941
156561,10066618
156563,13918057
156759,23362430
156760,7899696
157728,136436
158441,27468666
158456,64903235
158624,87957767
158812,63416067
158814,96757543
159581,9128579
159646,61219120
160400,2586787
160708,69519029
160734,52118511
160748,61756211
160761,31107733
161013,21721945
161453,48369959
161584,36777461
161590,56477023
161649,8213399
161653,8116772
161742,6066082
161767,81200659
161770,41817581
163118,52233420
163134,66227989
164674,15775524
165858,22665560
166361,62749466
166423,12550495
166741,53221493
168631,66803025
170555,79420020
170557,75583000
170625,2517404
171122,1188339
171585,36776446
171594,40069768
171605,33396386
171736,38728666
171913,6544827
171915,6821590
171916,7748763
171917,15207698
171918,5005250
172413,8185998
172684,7591773
172689,6628538
172690,7298933
173247,73780037
173321,41924789
173339,36300938
174628,52424297
174822,37285749
175120,9624323
175131,8873806
175529,7680918
175774,48354488
175797,52879690
175798,84423468
176013,20470303
176015,18323048
176024,7508966
176039,6423748
176057,7213647
176066,22300348
176074,8495039
176115,2432559
176938,6718666
176943,7843971
177089,12506769
177155,36945619
178035,33148128
178133,108580301
179674,29657255
179676,15558730
181096,32176541
181099,7588780
181119,9811507
181461,67156711
181472,155297692
181631,10981729
181839,7772642
182669,1298851
182895,6829479
182897,8888276
183150,44905284
183418,4312655
183661,23093688
183749,4218603
184059,13576758
185453,2533132
185578,855503
186443,19837334
186474,22002539
186990,1702872
187106,7606729
187382,6438399
187383,9449959
187437,10404859
187451,10367729
187685,1830693
187695,34703526
187706,34577027
188133,36078213
188135,36989835
188136,28718635
188344,7840813
188379,7811867
188791,39236953
189058,664190
189258,12997585
189513,89673418
189839,8402511
189913,201200047
189979,41990869
190295,8717090
190331,43005577
190356,49602936
190661,7470164
190676,31159034
191398,49308797
191418,77212199
191431,23286137
191816,20034406
192404,25907428
194338,10350011
194366,83113649
195168,149618773
195172,69068670
195615,41799680
195821,50980200
195883,27076348
197043,42095985
197152,13285952
198433,5848904
198635,161543593
198719,16065757
198806,8372375
198938,36331864
198940,11230937
199890,7528418
199937,78355384
200407,8132379
201329,9354545
201502,31623781
201766,105829774
202137,110482369
202456,22191932
202533,199390
202808,6471226
202946,7718777
203781,165136962
203782,57931211
204567,13806440
205130,51989889
207598,86597599
207624,21450519
207636,12247141
207650,79462992
207806,89481654
208069,10320470
208073,8253443
208333,65890575
208481,2997209
208972,2715143
208979,56223669
209166,49436761
209618,18098509
209779,10563611
210139,44577644
210632,55097929
210647,655173
210652,174383
210855,86746683
211228,15108583
211598,11911382
211916,8291354
211967,10286581
214171,54836517
214277,48806238
214431,50049377
214438,8108985
214486,67540627
214514,2494208
214812,50274491
215358,61311746
215402,43880754
216125,77027865
216574,7059092
217165,71078
217217,23697341
217443,21629418
217634,91627788
218760,57529172
219539,39624439
219545,70192287
219594,13274779
219595,5545576
219809,47349646
219812,16921096
219896,146989249
220873,127031
221966,8623895
222816,16077947
223228,29094873
223781,17639637
224129,45789983
224669,10217826
225387,43745660
225398,15101406
225400,0
226149,89598964
226151,191232928
227169,8833229
227182,7403144
227184,7127620
227192,7507848
227226,6491057
227228,7507941
227532,52894727
227619,6551441
228250,47072335
228252,51369149
230833,1200878
230844,25560294
233158,58986775
234690,2886848
235516,14617478
235915,21498592
236788,32823416
236850,86665932
236851,72162889
237420,9372583
237433,10263911
237438,9624009
238572,103672844
239371,9767610
239386,9539337
240154,30110754
240159,83606123
240162,24856383
240163,27115728
240201,7680560
240206,6591396
240209,6412246
240729,12764802
240832,21197763
240869,40183467
241271,59490147
241346,31262516
241437,121967230
241442,40469420
241585,8573868
241587,12905575
242068,159815316
242267,47600017
243059,7348430
243314,8904410
243708,42659607
243888,6456992
244254,13897858
244447,19331889
244518,53590282
245042,11475336
246437,1385643
246452,84821300
247415,105943749
247671,1171252
248309,5367778
248310,46550851
248311,7802726
248312,8065355
248313,4577220
248314,4774579
248454,90380100
249251,7086281
251359,57300024
252295,46213713
252483,14348542
252671,386662
252798,7987223
253017,135676997
253715,34278179
254363,31400046
254446,9289984
254448,7860031
254528,7168247
254539,7079594
254552,7264860
254557,8239433
254575,6907384
254652,8832075
256136,136059
256693,14171651
257627,29038591
257759,198397686
257818,10663580
257879,27203068
258930,3304954
259920,93517599
260615,89475521
260767,132774851
260995,88068822
261741,42488103
261815,38356147
262131,7513599
263140,19312956
263933,72367787
265386,81423563
265454,4021692
265458,13913584
265632,8540769
266360,7151650
268709,134726431
269057,28726569
269412,10100259
270466,50976102
270525,20517032
270528,23440095
270529,41170088
270537,66287051
271503,42625770
272121,19665919
272628,57666184
273407,72719072
273409,76660426
273748,137379
273928,66394611
274613,119363773
274622,25423679
278164,81850592
278856,18932205
279965,7678718
279966,8865361
282391,41846404
283035,80065670
283848,49730831
283855,50146700
286419,29675537
286706,78185967
287016,8230246
287197,61734998
287375,49703134
290523,64229290
291302,19425895
291688,60781998
291819,82570601
292152,16386061
292154,20185059
292155,23030220
292159,20061377
292309,75040301
292402,3205436
293821,75024111
295700,107965729
296741,14767153
297284,23420474
297711,12766897
298831,9869475
299123,10044861
300111,52551665
300306,109504085
300413,65782202
300877,43676144
301037,59952069
302047,60415320
302098,1247795
302527,6140511
303304,26621486
303518,41773630
304459,70784954
307491,20220418
307492,20166424
307507,47600
307658,59041772
307955,78283391
307959,138182373
307972,159693
308060,9224972
309970,16932124
310279,51915734
310282,53024708
310352,45696529
310571,99552473
310712,28738739
310713,1645882
310714,1104203
310752,23301497
310794,27528584
310795,17450927
310899,155230
310915,59859416
311356,9723588
311401,13716730
311790,235634356
311874,83344425
311890,7846328
311895,8173811
311897,7078887
311901,7876559
312124,8397584
312236,72020371
313498,67497904
314146,2920453262
314147,1602509437
314293,1010014708
314295,232632676
315492,30423170
315563,2692379
315576,4731940
320037,121943568
321084,8330954
321398,7763384
321403,65032422
322563,84584032
322582,10613108
323312,107358687
323313,102011746
323379,602421
325343,7689935
325643,99882673
326083,1398158
326594,3284514
327003,54818170
328815,24926949
329620,552992
330464,2308973
331036,23335553
331333,56803467
331713,32269346
332384,14623515
333673,56123217
334116,21857639
334908,48314892
335091,8129334
335395,57856318
335469,41358936
336983,25033219
337173,9877410
337444,8895593
337641,64574031
339999,20789229
340076,1265104
342381,8300885
343691,140250796
345155,21391957
345164,6969474
345258,13694201
345573,11651782
346610,5780134
346838,44068593
347359,51486242
348688,103307520
351381,78994180
354439,32584198
355587,24940474
355685,58535277
357074,8437271
358128,24630888
359927,9750157
360224,9677143
361644,157916469
362091,44729995
363769,9417846
364589,14587735
365059,51780277
366454,7103708
367368,49321416
367763,91273
369605,8021627
369639,90896186
370040,79341321
370605,121826191
371907,17316394
371916,19375179
371919,11491013
372326,11038274
373995,70513221
374264,69891798
374458,23330603
375764,128470879
375941,76369
376895,41346738
376913,1076976747
379532,1583446
381031,8535199
381198,7847926
381881,11841756
382315,9553839
386614,60607113
390379,86178950
391180,22671740
391341,90441273
395515,15392275
395520,28042775
395565,13371442
395577,10386142
396416,14275445
396775,52856696
400187,4972
405009,37859997
407821,169141
409849,37905158
411798,30215778
411963,121912733
414846,118236629
414876,112767703
415028,18157879
415978,43690255
417921,48374723
419612,644829
419690,9386725
421273,14338983
422203,70600889
423510,49529073
424585,19872461
425635,16063494
425643,7756525
428466,177051966
432164,22055673
433405,45058395
433684,37176704
433685,41008795
435138,37302178
435218,39308330
437484,1264528
437488,94331309
437493,84239935
438506,95055913
439324,21546078
439328,21071742
439704,17100508
441047,7686395
441215,21027018
441366,146118118
441696,8436203
441894,6581820
441921,58279252
441929,21995343
443853,17463585
444401,57754092
445787,93855200
447135,58037451
447833,60407239
448029,59982095
449367,7913004
449384,9458762
449594,7778303
450177,6643115
451385,9315702
452646,30332748
452695,31135560
454923,95109972
456388,9580852
456900,38894760
458187,7721346
458190,6621402
458196,7178996
460826,21456827
461220,7841394
461239,7818003
461245,8098344
462259,9373832
463165,7241537
466727,24685025
467030,11419604
467774,46831482
468512,7516449
468822,73962059
469796,24158972
470939,73158178
471704,63870104
471713,6768418
472368,392388883
473156,6890359
473952,18727419
473964,7852772
478635,15601878
481813,14680316
482537,3366986
483260,41124242
483950,74386017
486640,64888972
488313,37316479
491861,60945465
493209,43996641
494514,1120510
495162,9445341
495550,128648782
499227,8006256
500656,36114487
506608,46270616
507594,7776099
516756,29738432
519845,50616148
520822,42047679
520884,24574665
522836,98890578
522848,35011550
527827,100117526
531929,59499787
535359,18468381
538958,32445893
543379,41381244
544895,4914080
545262,10790226
547948,31514291
548553,56220675
552050,38828892
555264,12945378
559131,111587477
559696,48318128
561572,17749210
564181,28282579
568069,4067915
569040,53620708
569046,81904387
571890,8155088
573617,972193
576317,106708790
577407,15070697
586833,132244282
589841,8260836
591002,21981066
591936,1378478
594049,37612079
596942,55924818
597209,20755951
597456,27818752
600709,23394423
601510,25846399
602585,22850291
602633,33502848
602636,22988117
602682,28761878
602698,28736528
609295,29659700
610380,64813015
613196,99888136
613905,85660714
614051,8816219
614101,112174696
614211,99545674
623740,78826657
623744,55514316
625136,60998421
626378,7400023
627230,199973
628798,16940195
629358,74863583
629360,82699921
631328,170647986
644661,29532125
649802,26801633
650015,20423892
653684,119414378
658922,11771780
662956,94970071
667144,12876780
667154,10672704
667186,7036407
670337,10799440
670352,20995817
670355,8879969
670356,7739134
670595,127760357
680683,24338595
681192,52215511
684658,39540473
685728,39370512
686327,227377
686820,13345604
687455,36097716
688445,47426494
689058,133997161
690910,41694310
691633,48194181
691651,12203826
692089,105140750
693967,47022977
702717,51692030
703304,104722508
708063,40071820
714620,60777195
720584,8038926
720586,7594648
721137,35542077
721163,32249412
722662,42443088
722673,37375084
742174,15448597
743375,13722745
748215,64821021
748366,123735432
753189,121312609
753202,121493167
753204,32321742
753214,51471310
753216,136251398
758706,77430559
765876,672002
767470,77046444
797021,11667635
797374,8785959
861768,146519475
863708,8008916
874455,49082264
874463,7553455
875880,101006189
875881,48297094
875883,56782984
875884,85487325
875885,55644482
876063,40232664
876679,3050937
878968,108596611
880429,99810231
881300,45399383
881891,21913252
882753,35070361
884340,833156
884341,896359
884342,7377135
885580,1472808
886794,8112032
889801,10675739
904206,52973502
909773,52789561
909778,34017829
909788,27761876
928822,42330847
931557,82441879
932028,8591510
932674,7493451
933632,59663981
934813,25865463
934828,45170472
934829,49301930
934839,23554898
934840,56045538
934876,36844334
934882,43695886
934915,32641934
934940,47725484
935657,30464844
938171,25398228
938226,44001246
938238,39366183
938393,64545321
941984,77256808
946358,47181703
979223,7241137
980415,56191129
987013,63065255
987419,61792289
987424,74442164
987431,82206666
987449,27085737
987859,41467644
987866,56155676
987872,74263754
987877,39230907
987893,38638527
987895,37752183
987902,52115576
987925,61168745
987935,45224515
987943,89264149
987953,35568123
987977,47601008
987983,57025965
987985,165184229
987995,48657605
988018,16132090
988019,19189202
988025,55686499
988041,118791544
988049,183214551
988056,45648385
988071,164750673
988081,99630925
988106,70400046
988125,62584011
988174,64223398
989769,68268172
990972,73777
997540,70529512
997545,84505990
997551,78759348
998830,12680327
1026970,4511683
1027985,17635143
1041015,30053808
1041416,3678441
1047088,56215359
1049336,35263828
1086592,11785350
1088058,21508384
1088131,25904911
1094192,13738339
1096077,126030856
1100915,94171712
1100916,192643388
1100963,90172814
1101027,70296271
1101063,54935039
1101072,157543877
1101095,63498732
1101106,72826385
1101110,38875814
1108569,28258736
1109041,8698955
1109111,981735
1116483,5877030
1118519,6503040
1118524,7714432
1118560,7102693
1118748,7261443
1118817,7407734
1124515,47136090
1124558,111624471
1126389,23139065
1132045,88761030
1142201,145583736
1155016,31665313
1160851,9457735
1160894,7974695
1167272,43377027
1172129,43297020
1187130,9835455
1190790,55508831
1190802,62736796
1194336,44732588
1195655,80355
1196302,17308439
1203425,46267782
1206372,53794647
1207006,6151854
1207007,6409074
1210411,98283686
1210413,111304987
1218281,156150165
1218682,10778032
1219171,148383617
1220523,9035523
1221322,64538688
1226616,126752015
1230840,50783301
1234261,75537
1234273,72679603
1240228,20366792
1248972,5408622
1250792,140242400
1262321,82596074
1266490,94779989
1270216,11858527
1271742,50410682
1275487,49953372
1291243,36952822
1291435,119567938
1295211,17628846
1323832,6368827
1328070,39415888
1333648,30534383
1337163,82371138
1347786,7107739
1352479,87967767
1352481,14402744
1352770,8355768
1365757,48640184
1371681,77994697
1373157,79705468
1381582,9334925
1387126,13431549
1411666,42706171
1415580,86603410
1419289,26152468
1419345,8844136
1437010,6915104126
1437190,71098386
1437191,30523812
1453894,6126447
1463675,5986802
1463973,9265827
1477025,62586415
1485138,83759339
1486046,71930197
1492673,68464636
1496133,22289454
1497538,1326951
1497555,28469658
1501341,5239342
1507135,37604146
1511221,92908611
1518534,27890496
1519100,8317571
1530245,65441631
1534307,34121121
1535445,118179591
1549196,8453539
1553677,128294489
1559960,9343509
1560151,33368423
1564486,11146466
1566151,14307162
1569773,27567464
1572043,77121649
1572519,75211843
1577614,23850600
1577615,18505052
1577616,19535036
1577617,37007834
1577620,5396279
1577623,40368348
1577624,23434549
1579337,1612352400
1582032,11412757
1582913,75454308
1588158,43931385
1594222,53975936
1594226,108772800
1594250,86715912
1594315,193899901
1594321,46751045
1594354,36402237
1594453,100175619
1594786,69078801
1604048,12439151
1606681,64617131
1608454,149585496
1608482,20544337
1608915,7925038
1608916,8907299
1608923,0
1608924,5366291
1629725,67485361
1661398,31027637
1666818,32757289
1667466,27151946
1676925,42889074
1717472,7205907
1747188,42801182
1756245,8621963
1756246,6611056
1758121,6646673
1765738,19162589
1778380,29528815
1825980,67188440
1840514,1772725
1841481,32135321
1857951,76647929
1857961,51288335
1868482,66602394
1869276,10289361
1869501,81679977
1869985,81338469
1870430,55241194
1870435,100917983
1870436,116377248
1871131,10270569
1875375,18267877
1882922,26109301
1891344,41468903
1897488,79344694
1906353,29860979
1918221,88452089
1918310,66059499
1922239,87446090
1935872,79341321
1948886,9402757
1961834,7210767
1962788,26484687
1973248,2050929
1977171,5328612
1977532,43082114
1982067,53071540
1983282,74361082
2004999,36187752
2006714,35400787
2006715,40738370
2010996,38904598
2010997,44144240
2014036,46889815
2015173,21584898
2024865,26755586
2026947,698810
2038154,88118178
2052820,10703176
2059683,109448114
2065413,56992507
2069292,77876569
2069564,292185
2164160,18204598
2201626,30914442
2249760,35678417
2282171,41288632
2302820,88597974
2303995,37544032
2340998,30780737
2448451,19409848
2478892,10648830
2485327,10409590
2487776,40253096
2489341,10697436
2492375,71063827
2494418,15955243
2495015,14084465
2495085,30914660
2495127,32277827
2495534,8387519
2498840,17419995
2499240,109448114
2508170,21791119
2518271,8960590
2518323,43880754
2529409,5482341
2546036,91073376
2558925,27284620
2561016,161282691
2562068,14394668
2581075,3048783
2583951,1905297
2583954,4977766
2584527,8151867
2584528,1837858
2585810,8889107
2585812,8635864
2585813,5193978
2585814,4731503
2585815,14279360
2585816,7310725
2585818,8398323
2585820,10273769
2585822,6716529
2587831,96757543
2589376,89801230
2593467,11932895
2654888,66096722
2663927,60871115
2663966,29220809
2668079,11314626
2691554,101842835
2705178,39523898
2714349,56040863
2715852,24561420
2717088,8233248
2723871,7977620
2740528,23023642
2741128,18527984
2743709,610071740
2767082,24718309
2795564,85054488
2795567,34039243
2795671,82207078
2795680,54649454
2795693,24968249
2796247,20014161
2817044,96944599
2822343,85892092
2829445,92037435
2830794,118437
2871759,45578763
2879419,12133380
2893758,40570341
2916761,35501406
2917703,61200099
2918886,28486705
2919650,57493190
2920201,104251647
2920202,55817305
3044,29038591
3052,2179292
3143,114535
3246,250441
3450,119567938
3511,312068445
3749,296486261
3984,129324294
4459,94716358
4473,45109067
5790,217656
5800,15067481
6109,61756211
6127,416592
6223,87723261
6237,5197080
6251,157498
6288,152318
6338,178494
6452,155858725
6463,96455252
6548,98836892
6564,120086
6578,65698912
6595,142423
6612,161950
6643,376110
6668,43591579
6740,137379
6849,160969
6972,63678555
6977,89123977
6996,40528503
7003,106908402
7008,119363773
7028,60681762
7037,49672824
7043,131696177
7045,242025584
7053,86841275
7060,152160313
7063,75435986
7066,44499594
7069,23405014
7083,87828392
7090,77339256
7101,28026756
7106,120730710
7110,21383573
7112,63403916
7115,151691344
7118,40677476
7126,45648594
7129,28634231
7136,28450235
7140,4942
7145,104172496
7367,35481728
7372,117862269
7374,62507566
7377,39999066
7382,41282784
7396,31623781
7397,28341498
7405,21456827
7415,29970648
7419,10181417
7424,104382829
7431,85933563
7440,70666643
7443,27332583
7451,46750998
7456,103695111
7459,62170120
7461,8098373
7490,85791895
7502,28273436
7514,62043848
7521,89673418
7535,28743623
7538,89618719
7601,59122665
7608,79472131
7610,84428405
7756,57044883
7763,132213
7829,73374208
7866,27384959
7901,154483725
7912,73535953
7916,38781955
7931,73017232
7935,168757872
7949,69270198
7956,263091465
7961,107009117
7963,84242660
7993,91156688
7997,218878662
8004,41863639
8009,80077254
8016,539661684
8028,254149776
8041,138341333
8048,66879665
8055,58301582
8072,38734038
8077,92776924
8080,197520423
8082,157862229
8089,457392053
8098,74919986
8102,40438980
8121,42390488
8139,214124516
8145,56232450
8152,63563584
8155,79549333
8158,108503449
8160,218905382
8163,30423170
8166,214785797
8174,72121811
8176,96204529
8186,26289596
8189,131621734
8190,52280413
8207,65740471
8217,179934269
8234,132977771
8254,19237207
8266,82125023
8283,187238369
8295,464808325
8363,60692355
8383,212343550
8464,1730316152
8466,71142754
8468,76674106
8474,115154576
8476,468398931
8479,80685373
8485,90441273
8495,163314669
8500,61589692
8507,127047222
8518,79401234
8523,141991005
8556,103731716
8565,82548459
8612,60623432
8627,172866927
8638,52966629
8661,86899840
8672,86816105
8683,58535277
8721,58943281
8728,189746262
8739,83471068
8772,82092327
8786,9147824
8789,9044782
8796,9637543
8801,6581820
8804,6014908
8806,14517753
8821,37656268
8828,6394138
8835,62989943
8842,32455772
8850,6148941
8852,11277823
8855,20366792
8867,37722893
8883,12170187
8896,8645450
8904,6459448
8911,6456992
8918,24435869
8927,18949466
8931,16131424
8946,7087086
8952,77592422
8956,55354980
8962,32828063
8965,13250230
8968,25664709
8985,7407734
8995,10085165
9001,19260897
9004,8291354
9008,54491634
9013,12904648
9030,11180172
9048,21473170
9053,16151201
9062,18522559
9087,12059473
9090,8490826
9102,22724972
9114,34131892
9120,13836092
9131,8942286
9134,33886457
9154,9767754
9159,20045967
9162,15421662
9165,15058602
9168,8397584
9171,8260216
9174,8210235
9181,35987290
9182,10563611
9184,31128540
9186,9723588
9190,58788832
9207,47052677
9212,7476071
9217,6273621
9221,28605422
9225,75934339
9227,10492625
9232,18949689
9235,66016904
9237,26593921
9239,36708678
9243,22379509
9247,5482341
9251,8795934
9254,20652582
9257,20255340
9282,33132839
9304,44874333
9336,36527847
9350,422662
9353,588627
9357,5622585
9360,3774447
9364,3382063
9370,2908337
9374,29336484
9379,2208476
9394,1543348
9401,74303586
9406,46725731
9412,2525058
9416,1946362
9422,75522067
9425,1188339
9429,1601744
9432,21463949
9434,90604197
9437,2597368
9446,1021298
9459,1256517
9469,43405104
9486,32546077
9499,955552
9504,1516185
9506,1430082
9513,26762746
9520,49318697
9529,1300983
9533,33791347
9537,808501
9539,187646503
9542,41912471
9554,1167999
9564,39761431
9567,62767924
9570,58518472
9578,58658734
9592,29155071
9596,55743262
9599,43707920
9611,51202296
9621,942874
9623,21230732
9625,29839701
9639,153117943
9642,21027018
9645,1496925
9648,20377908
9656,49081403
9658,17932623
9663,818762
9665,97349623
9671,708698
9677,18081637
9679,21380205
9682,68185189
9688,99709674
9703,696493
9706,65519
9710,24207906
9712,1670210
9714,23192005
9717,41334452
9724,641290
9729,22187194
9732,1453314
9738,35404681
9741,24801851
9748,1523012
9751,1128830
9753,52374982
9757,408868
9759,1626179
9763,1262138
9766,85372047
9776,28753001
9782,26608826
9784,57094056
9789,76255035
9800,1585452
9804,85528930
9806,28496937
9812,29715669
9817,54792423
9822,65445684
9832,2614035
9836,1732015
9839,49381266
9847,27309920
9851,20356457
9855,50389345
9857,21170554
9859,59684605
9869,25074419
9871,40329603
9872,39042264
9882,24437772
9885,70409481
9890,25209398
9893,65641462
9894,44569720
9896,18899685
9898,1178764
9900,2572211
9903,117935894
9918,213862
9922,95108527
9926,19906635
9935,165009096
9944,15246453
9954,20098275
9957,19732045
9969,41313462
9973,3213269
9977,18737257
9980,634856
9984,22226376
9992,189833104
9996,4013364
10001,158887198
10016,19147290
10022,19517715
10028,3400368
10035,3745762
10040,161958627
10043,57087119
10046,561961
10049,56215359
10053,124960222
10059,3078622
10067,26308511
10084,1109239
10114,28644804
10136,972314
10140,45145679
10148,2306196
10151,1353302
10156,1558047
10159,1394125
10165,569285
10168,656654
10180,53765802
10182,246263
10184,3563893
10199,94862
10222,204011
12929,36223806
12945,25793212
12956,124882615
13012,193009973
13038,1455894
13113,7409329
13122,136307051
13123,41694310
13124,61956866
13145,8696499
13149,68067367
13163,33347966
13171,30237200
13179,8873774
13213,6876431
13231,26527259
13239,16364401
13244,8320839
13248,38574849
13261,43742057
13390,52867363
13396,156321242
13436,386662
13488,35427046
13513,39728354
13615,64104300
13633,136251398
13685,157058962
13745,13710917
13778,1733544
16718,123705691
18794,127334394
23204,65141135
27520,54649454
27529,16077947
27605,1247795
27609,49176241
27621,28054857
27641,1717415
27659,25907428
27671,26331233
27686,81329017
27694,55616050
27703,106633288
27705,165525122
27726,42037956
27772,315689859
27793,54461991
27834,318392
27922,61153
28376,53824015
28609,172040201
28644,29738432
28651,12550495
28653,66982765
28688,9430562
28695,8043398
28712,9337166
28715,13828625
28723,9675191
28729,33874033
28732,10430433
28736,2280523
28741,117461527
28779,162765596
28817,53590282
28828,68063170
29044,41381244
29052,93818100
29054,68268172
29056,61912427
29075,1398158
29077,23948871
29079,1265104
29083,43894712
29090,2584944
29136,27203026
29138,56247253
29143,86993918
30060,11412757
30075,75298266
30079,50603408
30087,57740927
30204,69529474
30223,58986775
30316,47557976
30356,94806855
30384,13274779
30396,10217826
30409,44464692
30418,7980418
30420,118723883
30424,31107733
30453,20096362
30454,6553636
30460,39439008
30467,5767255
30539,69696208
30550,32159280
30554,41288632
30597,906649
30600,1583446
30610,1925519
30636,4511683
30639,50799135
30727,4063961906
30799,81980192
30992,59859416
31032,103594752
31141,46980354
32280,7748882
32307,30892217
32310,27900328
32320,16065757
32335,82659529
32348,50153835
32349,25735486
32350,19455215
32351,266604794
32352,541953983
32353,247755090
32354,24856972
32356,105153121
32357,102314803
32358,252072698
32367,44999054
32378,13959221
32386,54911787
32388,88863326
32390,21629418
32459,140242400
32535,1230606
32641,7872765
33154,83165102335
33213,82981528941
33411,8777546
33413,41358936
33419,1729515
33424,29958447
33431,0
33465,72367787
33508,136436
33527,66667733
33551,1134842
33561,30486650
33583,9375881
33592,7863934
33597,7311993
33600,8018262
33611,8132815
33615,17376973
33617,7074211
33789,83117707
34555,136059
34619,161803102
34681,36512833
34699,38894760
34717,131698998
34740,127029007
34767,208421231
34772,239753855
34786,48202894
34788,76634723
34815,62351132
34820,256606665
34826,870974
34841,441169
34843,25083884
34845,2339069
34872,20779249
34874,292185
34879,20174929
34881,23655781
34883,43665080
34885,41930663
34891,664190
34902,58832319
34995,84868801
34999,52419906
35547,10697436
35569,35614074
35571,47600216
35729,262060187
35939,135676997
36165,91784309
36184,128746401
36189,114369065
36199,73545082
36211,139274333
36242,36945619
36262,11785566
36266,23227032
36271,12618065
36274,9766520
36283,58126928
36292,1697583
36298,46424718
36304,25223729
36801,3050937
36986,44716600
37028,77652331
37029,43676144
37031,1106704
37038,6113107
37041,8415151
37044,9330259
37049,11651782
37077,6974305
37082,37784119
37175,22603112
37178,2308973
37180,33642944
37189,19813274
37343,15333506
37442,2494208
37533,67497904
37613,25114121
37852,60324512
37853,28007016
37858,199973
38116,672002
38122,48110452
38157,102367546
38396,7502583
38526,133660651
38617,20164558
38625,44626541
38667,3334152
38771,147614774
38880,179304
38940,57762062
39081,2485779
39083,2385496
39156,65116153
39193,93524945
39465,29667083
39616,9763742
39620,24705110
39757,11455795
39959,13365282
40037,504706003
40076,18723102
40084,45189992
40098,34039243
40102,57529172
40150,542365
40157,10044861
40213,9941379
40232,0
40255,155230
40364,14497385
40829,97833941
40931,27953421
41013,91337276
41098,69068670
41100,66078400
41111,8472898
41138,163171662
41260,964762
41425,23629907
41665,20821475287
41809,4884578
41812,13806440
41881,162815
42163,95036016
42274,80728349
42295,50641574
42298,57931211
42414,2148799
42476,28367248
42513,71177094
42520,28282579
42525,62834161
42562,35188167
42634,89284191
42647,25381982
43086,64888972
43150,56123217
43158,28469658
43162,44615261
43164,8192488
43255,160426115
43315,7605352
43331,1953389
43386,37612079
43464,8330954
43581,9035523
43699,52295102
43779,723609
44045,3807241
44049,121404635
44050,16800810
44052,45046959
44317,56813875
44387,11926537
44397,17419995
44488,50987989
44499,57300024
44505,59322382
44525,49321416
44533,5381279
44535,50358940
44537,213485639
44539,25725104
44541,4342131
44542,202940406
44547,9740805
44550,2384658
44552,2136411
44556,31332221
44662,57153026
45057,21721945
45059,25736950
45350,52937139
45449,10002608
45478,37218300
45636,12211740
45640,11771780
45782,98862475
45806,26903555
46509,8904410
46512,10960082
46786,87239274
46877,2104931680
46903,7913004
47144,21367246
47307,87785830
47309,84584032
47691,8182966
47694,8594712
47699,132244282
47732,27495104
47766,86934330
47832,121702301
48138,1771173
48276,7312286
48284,26643666
48288,10060978
48395,26632922
48424,28424542
48434,7434472
48667,109923202
48705,31988548
48722,258444
48750,1165522
48772,68464636
48867,598960
48881,11805920
49442,44585789
50248,8849725
50384,70192287
50389,105893033
50391,16384920
50425,139098
50443,15070697
50582,35263828
50601,31665313
51137,88905621
51153,974903
51341,2429386
51345,2208703
51538,40829415
51649,88253142
51654,54106166
51899,8628917
51905,8496577
51909,30975585
52121,6368827
52123,6819950
52180,61200099
52201,61825235
52223,60390281
52238,87874435
52429,1830693
52611,39584438
52621,8038406
52652,61684907
52662,40926941
52718,68355251
52903,22684917
52939,32023571
53271,59663981
53274,39667519
53541,183320465
54057,6657566
54125,185022
54132,46639209
54136,48806253
54355,7451718
54358,7004640
54360,23362430
54368,6386218
54373,8779389
54376,14854674
54379,7383027
54382,6206376
54385,5955672
54483,17100508
54507,5903918
54908,34121121
54972,6244112
55056,92974408
55077,59041772
55130,39370512
55418,9716615
55543,106419733
55549,52635878
55701,111304987
55806,19971821
55807,11932895
55897,24591243
55947,11401606
55949,8775385
56073,7811867
56082,19375179
56096,57190187
56257,6177125
56261,7319337
56271,10663580
56296,22735350
56298,9334925
56303,7831980
56310,20210366
56312,8346443
56326,19628422
56342,7521358
56362,41467644
56365,173228068
56375,49529073
56393,47601008
56587,89264149
56612,136963495
56621,169935951
56715,51008454
56725,45781951
56797,39717480
57061,20140131
57067,6941422
57396,7789809
57401,12489842
57405,6718666
57409,7852538
57420,8802136
57438,10270390
57445,81397406
57515,10928124
58062,537259
58064,48273975
58068,3506693
58202,9639335
58277,15558730
58322,135733342
58738,25386771
58788,53739616
58823,28644729
59131,10487182
59142,41770355
59459,1784326
59475,766137
59526,1412227
59537,1635093
59541,32396328
59553,18218374
59728,16099159
60461,9599490
60542,121588
60568,46667155
60901,37604146
61153,35772420
61471,767877827
61618,19665919
61642,46633893
61816,71362034
61818,53252880
62017,42876603
62051,49953372
62192,31514291
62748,33112679
62803,46889815
63120,237306
63408,4489103
63429,161011467
63430,87446090
64143,35288869
64156,168165725
64277,10847865
64390,90529095
64782,45961788
64792,34973898
64794,18529941
64797,8960590
64862,18468381
65962,30053808
66360,24885066
66441,35976502
66443,20083265
66452,47181703
66705,8387591
67771,40570341
68410,32591679
68487,10404859
68489,9681008
69129,84085784
69259,45399383
69292,78197036
69310,20387396
69354,426900
69624,57850952
70376,43237350
70608,13645350
70930,6721129
71005,2155658
71008,61219120
71112,20259887
71116,918118
71118,1486351
72005,238747068
72046,47618826
72130,3304954
72244,52894727
72549,67485361
72766,82331712
73326,8077866
73329,39947853
74199,8575147
74868,26173878
74925,166997854
75141,319631787
75202,81653167
75351,84004082
75365,463941268
75868,9758906
75968,10100259
76204,24404027
76212,24579637
76214,22032307
76227,22665560
76337,47679947
76339,38057387
76797,52233420
76989,37241117
77141,86746683
77156,25605203
77259,8182220
77597,1172368
78216,8705297
79652,8263459
79804,30342661
80965,63784450
80969,139400364
80992,35544573
81369,91073376
81883,7102693
81885,7241537
81929,9417846
82365,31774325
82594,29535045
82597,25865463
82599,161160075
82622,35568123
82741,41144464
82804,73158178
83484,18118983
83607,110255694
83691,21627513
84644,247721423
84832,22888123
84842,15195569
85068,9942462
85070,11475336
85100,7178996
85104,18586531
85109,164886272
85119,22569817
85584,38623538
85610,96757543
86204,85960042
86223,57474272
86972,1859592
87174,26352404
88028,997418
88111,10022551
88178,26801633
88199,65361156
88466,59307628
88472,50704078
88474,33787694
88475,46510346
88555,69133557
88591,55508831
89593,42031119254
89631,29987302
91192,200194
91202,76369
91730,37544032
91732,42889074
91737,128610302
91742,69519029
91766,11004236
91774,37316479
91776,14279360
91780,10613108
92597,119414378
93127,32584198
93701,198397686
93949,5003594
94187,1011370
94231,313912443
94234,51989889
94236,38451948
94311,155297692
94892,53666634
94952,34277856
94958,1148334
94988,114288739
94992,52879690
95169,83771172
95189,55644482
95218,121312609
95295,25846399
95591,82064285
95599,12612311
95911,1717143
97051,46270616
98130,9354545
98139,7588780
98147,8591510
98309,166816
98381,46267782
98660,2586787
98805,23555740
98808,45722264
100189,37164687
101898,124632766
101931,6611056
103599,54795886
103719,93254484
103830,292739706
103889,99877531
103943,141481606
103955,10160977
104446,52964856
104451,47149958
104458,35087651
104473,101884941
104475,91342868
104514,77393018
106173,19331889
106241,9373832
106257,42330847
106500,28258736
107204,6643115
107207,9000080
107223,8535199
107225,9457735
107227,7036407
108822,7860031
108839,6907384
108857,1887244
108930,95479562
108957,24372810
109023,82319136
109904,88743635
110367,34265798
110675,8095851
111783,41095148
111828,7714432
111880,80447069
111885,85054488
111897,114089925
111915,31193210
111922,62650379
111932,61915875
111950,77212199
111973,7434971
112291,44729995
113102,47361197
113114,10341683
113543,28286682
114275,7465964
114328,29857869
114330,7891524
114332,8021627
114368,8244776
115080,32524253
115356,148753272
116120,40869493
116125,163530804
116129,45160721
116152,20072431
117144,7484597
117248,27818752
117533,62854
117570,41200478866
117853,60607113
118186,8698955
118792,7786617
118796,382042
119487,167759211
120497,87392266
121175,106111514
121225,4031383
121588,60945465
121844,27097618
122772,105829774
122852,110482369
122862,75040301
123378,8239433
124287,89825805
124410,50976102
125282,8888276
125296,9580002
125862,11667635
126785,10350011
127313,49308797
127403,5848904
127874,8213399
127928,16396971
128389,8637371
129107,112868880
129396,16758741
130471,38728666
130718,59866320
132116,19994322
133081,41795044
134629,52118511
134919,46165893
135161,7843971
135164,8080200
135167,10696845
135423,11230937
135426,10672704
135430,11314626
135432,19982631
135440,9588290
135443,11491013
135447,8436203
135449,14171651
135758,39689678
135866,5542014
135971,9114719
137519,47990050
138069,202208385
139475,42095985
139674,27376857
139679,57791267
141257,170647986
141678,40059207
141838,6211623
142475,9357415
142686,3284514
143028,50980200
143301,616998
143605,228659021
143629,71632011
143721,30166169
143723,17249103
143731,56992507
143734,49109089
143767,38828892
143947,25517818
143949,52591918
144030,29114636
144305,2997209
144700,54622567
144703,241460625
144704,50937683
144705,20675503
144707,15557650
144708,52580881
144715,14275445
144729,15392275
146712,20841999
146807,23636454
148056,0
148341,104722508
150287,43501780
151303,103672844
151542,36668375
151543,48553313
151548,58028920
153220,13913584
153641,12779548
156169,9089080
156310,30464844
156560,10066618
156562,13918057
156982,64574031
157304,91627788
158440,27468666
158455,64903235
158623,87957767
158804,63416067
161624,35501406
161652,8116772
161683,6646673
161697,270907166
161741,6066082
161769,41817581
163133,66227989
163669,28042775
165430,172954149
166331,62749466
166413,17749210
166420,36187752
166740,53221493
167038,139544063
168630,66803025
169551,113801903
170624,2517404
170865,8300885
171272,20995817
172268,59982095
172412,8185998
172679,15888358
172680,9449959
172683,7591773
172688,6628538
172911,83113649
173220,50616148
173246,73780037
173330,36300938
173784,15108583
173981,149379498
175116,23654812
175118,9624323
175123,7264860
175130,8873806
175132,16619103
175340,368531
175773,48354488
175799,84423468
176023,7508966
176038,6423748
176042,7213647
176065,22300348
176073,8495039
176114,2432559
176848,1298851
177088,12506769
177619,18267877
177674,261290915
177929,33368423
178032,33148128
178132,108580301
178174,146989249
179673,29657255
181118,9811507
181838,7772642
182233,21197763
182948,9869475
183180,8540769
183660,23093688
183715,109448114
183748,4218603
184058,13576758
185452,2533132
185574,855503
186072,128294489
186282,28083794
186473,22002539
187105,7606729
187421,27707842
187617,8317571
187655,1772725
187675,3048783
187694,34703526
187697,1837858
188339,7689935
188343,7840813
189528,10790226
189838,8402511
189907,201200047
189978,41990869
190294,8717090
190355,49602936
190675,31159034
192190,51471310
192206,7107739
192444,118236629
192486,23850600
195164,45789983
195167,149618773
195882,27076348
195936,41773630
196026,14767153
196036,24926949
197151,13285952
198037,28267558
198633,298294270
199889,7528418
200574,59499787
200613,27151946
201361,8437271
201800,89471728
201991,13716730
202455,22191932
202584,59490147
203780,165136962
204969,66975763
205271,57754092
205272,42706171
207635,12247141
207646,14394668
208068,10320470
208072,8253443
208332,65890575
208971,2715143
209165,49436761
210138,44577644
210581,146118118
210584,40469420
210631,55097929
210645,655173
210651,174383
214089,52115576
214128,99226072
214132,23554898
214137,56045538
214170,54836517
214189,36844334
214276,218957010
214280,32321742
214282,121943568
214308,35321292
214365,101006189
214392,45170472
214430,50049377
214437,7987223
215344,47072335
215357,109626638
215359,79972424
216413,35678417
217164,71078
217216,23697341
218734,60781998
218743,40232664
218770,57666184
219362,58711451
219491,35542077
219506,102011746
219538,39624439
220872,127031
221965,8623895
222002,98283686
223226,29094873
224238,60871115
224240,69891798
224314,8112032
225336,23330603
225386,43745660
225397,15101406
226134,158828821
226148,280831892
226859,2886848
227181,7403144
227183,7127620
227191,7507848
227225,6491057
227227,7507941
227618,6551441
228304,8816219
229639,222540346
230657,9835455
231878,26152468
233201,126386849
235515,14617478
236011,6204341
236025,15267941
236772,32823416
236878,53794647
237419,9372583
237431,10263911
237437,9624009
238743,28726569
239369,9767610
239383,9539337
240153,30110754
240158,83606123
240161,24856383
240208,6412246
240726,12764802
240907,95055913
241345,31262516
242266,47600017
242978,35070361
243058,7348430
243707,42659607
245037,9315702
245059,8865361
247414,105943749
247536,1171252
247584,37007834
247602,7205907
248134,70513221
248453,90380100
248898,65441631
249411,14348542
249510,41124242
249574,17628846
252294,46213713
252607,8731905
253714,34278179
254007,71889013
254361,70038573
254364,25398228
254445,9289984
254527,7168247
254538,7079594
254651,8832075
254656,9458762
259245,72020371
260994,88068822
262014,79387390
262437,53975936
263139,19312956
264009,86603410
265359,41846404
265382,81423563
266359,7151650
268443,17267149
270536,143543859
270857,80274595
271502,42625770
272229,49742942
273758,118437
273927,66394611
283033,80065670
283833,29532125
286486,92037435
286536,51780277
286705,78185967
287110,49703134
287191,126556019
288057,9386725
288079,7516449
288388,43377027
289280,49082264
289381,86178950
290671,94970071
291818,82570601
292396,3205436
295699,107965729
295984,44068593
300110,52551665
300305,109504085
300855,59952069
302526,6140511
304458,70784954
305494,1264528
305546,148383617
307506,47600
307971,159693
309973,14338983
314145,3994593195
315555,2692379
315556,4067915
319798,45224515
320016,349927207
320033,61168745
320076,37752183
320089,85487325
320381,39308330
321190,55924818
321397,7763384
323311,107358687
325165,1467586
325166,40090588
325642,99882673
326431,82600259
326956,63065255
327682,132774851
329933,7102677
331299,56803467
332383,14623515
335394,141615657
337687,896268593
338558,7974695
341122,223176846
341340,88761030
343581,140250796
345571,15448597
347358,51486242
355586,24940474
360223,9677143
361643,157916469
365332,72786939
366186,26109301
366453,7103708
369122,29659700
369248,30215778
369638,90896186
370604,121826191
371915,20423892
372321,11038274
375763,128470879
381880,11841756
382314,9553839
392815,58351208
393392,47426494
398144,127184119
409350,7242922
411962,121912733
414732,111624471
414810,87967767
414873,112767703
415027,18157879
417944,22055673
419707,83048838
421220,32277827
421297,37223530
421423,30914660
423606,1472808
425642,7756525
428445,30534383
432408,134340973
433377,8108985
433404,45058395
435137,37302178
435335,14680316
437487,94331309
437492,84239935
442324,40069768
446045,67513635
447134,58037451
449593,7778303
449632,117929
453332,89481654
454363,8008916
454922,95109972
456387,9580852
457750,89801230
458189,6621402
461237,7841394
461238,7818003
461243,8098344
464722,136234453
464929,51032061
466726,24685025
467773,46831482
468821,73962059
474492,40188604
474711,23434549
476763,40253096
478634,15601878
482536,3366986
483938,74386017
484232,77046444
488720,16693048
495161,9445341
495549,128648782
504564,18505052
504568,1120541221
518105,52278875
520877,30914442
521259,6555798
522835,98890578
522847,35011550
523929,112174696
523952,99545674
524581,111587477
525812,37859997
527826,100117526
538957,32445893
542827,48178778
545366,62586415
545632,66283107
548218,56220675
555263,12945378
559695,48318128
569039,53620708
569045,81904387
571339,52973502
571889,8155088
572704,286815100
572799,77430559
572808,108772800
572825,86715912
572852,81338469
574057,106708790
581513,193899901
581588,70296271
587050,48369959
589840,8260836
591932,1378478
596672,153399304
604375,64813015
611780,6126447
613194,99888136
626377,7400023
626426,7553455
631388,92908611
632600,8635864
641818,72679603
651667,124749070
655084,157543877
655692,242962668
670600,82207078
680682,24338595
681191,52215511
687068,76647929
687116,46751045
687147,217295231
687454,36097716
689302,130419430
691632,48194181
691650,12203826
693966,47022977
695183,48297094
696214,227377
702716,51692030
704699,49301930
704816,43695886
708062,40071820
710235,85660714
720585,7594648
721162,32249412
722672,37375084
723807,1735358
748365,123735432
797373,61575520
862507,61089519
862508,2064081
862510,22307183
868094,99810231
870536,14307162
882791,64223398
909696,74642493
909700,48374723
925459,7583329
931556,82441879
934914,32641934
934939,47725484
936348,29426005
938225,44001246
938237,39366183
943732,79705468
946290,118791544
979198,7241137
984836,64545321
987448,27085737
988055,45648385
988063,82371138
988070,164750673
988080,99630925
988105,70400046
988123,62584011
990952,73777
997550,78759348
1070158,89411436
1096076,126030856
1101094,63498732
1101105,72826385
1101109,38875814
1118747,7261443
1126400,62736796
1129741,8230246
1137846,113827023
1141640,22905584
1141645,42413744
1147766,29485846
1159320,96944599
1165752,4731940
1226614,126752015
1234260,75537
1261333,79344694
1262320,82596074
1271741,50410682
1291242,36952822
1328069,39415888
1338369,20069646179
1352769,8355768
1365756,48640184
1368975,77994697
1387125,13431549
1410436,4977766
1430964,55241194
1469640,109293937
1517830,11094409
1532884,27983490
1535443,118179591
1569766,27567464
1577619,5396279
1577622,40368348
1588157,43931385
1594452,100175619
1606679,64617131
1608913,26961891
1662592,31027637
1666817,32757289
1766907,6829479
1803640,392388883
1812035,1200878
1821620,55686499
1844587,499317973
1849765,93517599
1854010,7678718
1862150,10799440
1868481,66602394
1891343,41468903
1907176,579105
1914394,7513599
1918220,88452089
1918309,66059499
1925018,54818170
1929280,19535036
1948885,9402757
1960649,0
1961833,7210767
1962787,26484687
1965096,27057070
1977159,8233248
1977170,10522590
1983281,74361082
1985927,88118178
1987911,25551928
2015172,21584898
2041963,8151867
2045281,27203068
2056899,10270569
2069291,77876569
2071345,8889107
2072689,77027865
2100445,103307520
2100816,24150292
2233715,27284620
2448183,19409848
2478891,10648830
2485303,9877410
2492374,71063827
2502001,36331864
2510329,23420474
2585817,8398323
2585819,10273769
2585821,6716529
2594176,328449
2603175,43082114
2613844,12133380
2614578,10981729
2619774,101842835
2623939,217562142
2628534,1905297
2630091,21791119
2639990,109448114
2649731,146519475
2652132,29220809
2654887,66096722
2696672,7718777
2705177,39523898
2714348,56040863
2736678,24630888
2743711,609966811
2776189,3678441
2782170,20014161
2784189,108596611
2795540,24968249
2819877,6768418
2821307,19320610
2821309,11633165
2821313,9265827
2841271,1950182475
2854840,25209423
2902005,30332748
2950611,88597974
2759,86077065196
3043,29038591
3051,2179292
3086,276563
3142,114535
3146,1733544
3245,250441
3503,312068445
5799,15067481
6072,83164906841
6126,416592
6222,87723261
6250,157498
6451,155858725
6462,96455252
6553,127031
6563,456495
6566,65698912
6592,142423
6647,376110
6739,137379
6846,160969
6964,43237350
7059,152160313
7062,154780680
7150,9616518
7158,183320465
7184,47600216
7199,8731905
7212,40188604
7298,42330847
7354,54911787
7369,45046959
7384,340068270
7393,198170724
7439,144750224
7482,16693048
7489,85791895
7600,223023201
7687,159693
7711,42031119254
7746,171333622
7776,41859475730
7826,73374208
7844,156321242
7865,27384959
7915,38781955
7930,73017232
7934,168757872
7948,69270198
7952,4327608172
7986,54818170
7996,289070949
7999,59859416
8008,80077254
8015,1564977481
8045,125181247
8071,38734038
8088,457392053
8092,121553879
8157,502984102
8162,138552153
8169,226088402
8180,165525122
8184,26289596
8202,45058395
8206,401345740
8214,179934269
8247,353612144
8256,154994496
8287,20069646179
8289,81329017
8294,464808325
8353,140079745
8382,337092620
8399,106111514
8432,47557976
8461,110273526
8465,147816860
8473,115154576
8484,90441273
8487,261441797
8493,61589692
8506,127047222
8530,170494036
8555,103731716
8710,390171149
8785,9147824
8788,9044782
8793,9637543
8800,6581820
8803,63455428
8820,37656268
8827,6394138
8854,20366792
8899,15907718
8903,6459448
8907,52645203
8910,42181337
8917,46661579
8922,25509788
8926,18949466
8930,86670616
8937,8300885
8941,15074701
8949,85113780
8955,161742970
8960,32828063
8982,7407734
8990,10085165
9003,8291354
9072,79386575
9109,49948469
9119,92088281
9127,15357488
9133,140779646
9136,15782306
9143,7772642
9146,35621308
9149,114422016
9153,52921351
9158,64372912
9161,15421662
9164,24733793
9167,8397584
9170,45448225
9173,54978047
9183,107165054
9193,9337166
9206,47052677
9211,7476071
9216,6273621
9220,59075010
9224,277105780
9231,186053311
9242,64498625
9246,5482341
9256,20255340
9277,78007172
9307,0
9331,20164558
9335,36527847
9338,56247253
9349,2578320
9352,588627
9359,3774447
9373,32738684
9393,1543348
9409,2525058
9431,198982719
9436,30652225
9445,80165540
9461,43405104
9475,66602394
9480,59603147
9481,27057070
9528,385595896
9569,205242217
9577,100216908
9608,123390532
9632,154614868
9676,41178985
9697,1936260
9702,130186948
9705,65519
9709,90983678
9723,1165522
9726,163017316
9740,25466041
9747,2065377
9750,53503812
9756,2035047
9762,1262138
9765,85372047
9775,28753001
9780,83702882
9788,76255035
9799,1585452
9803,144013169
9811,30888037
9816,54792423
9821,89075591
9827,974903
9831,42331515
9835,120809489
9846,27309920
9881,106931033
9889,25209398
9892,67501054
9948,107800446
9952,20098275
9959,39545319
9963,373026993
9972,27844157
9976,18737257
9979,22861232
10021,19517715
10026,64233249
10045,24335673
10061,4511683
10135,972314
10139,47730623
10147,2306196
10150,1353302
10155,1558047
10158,1394125
10164,569285
10167,55238610
10221,204011
13036,107887248
13203,31332221
16714,123705691
25692,135676997
27456,179553253
27524,15108583
27528,16077947
27548,222890502
27549,106908402
27580,6907384
27592,200702356
27693,55616050
27723,70324638
27792,54461991
28595,23434549
28641,638783060
28683,31184877
28725,155569601
28728,112400405
28735,2280523
28756,92776924
28758,65890575
28771,82600259
28778,40926941
29040,59499787
29132,3563893
29135,27203026
29142,86993918
30002,8317571
30078,50603408
30189,82441879
30190,141230531
30222,58986775
30309,132213
30412,6113107
30413,7583329
30417,7980418
30443,8415151
30444,7074211
30445,9330259
30446,7872765
30448,20447716
30451,33018825
30459,102096057
30462,8346443
30475,60607113
30533,32591679
30553,41288632
30558,1247795
30577,3382063
30599,2454420
30613,1455894
30615,90951397
30644,441169
30645,1134842
30646,2339069
30649,25083884
30650,5659244
30657,3366986
30660,30486650
30700,140242400
30718,35188167
30771,41863639
30806,278878223
30828,88743635
30858,66227989
30863,238729387
30870,396101050
30875,50049377
30876,143543859
30910,83117707
30917,83885974
30948,105365348
30983,43745660
30989,102316451
31008,84423468
31009,193009973
31013,137253634
31029,38451948
31031,124961998
31092,169717297
31093,25381982
32281,220459765
32304,30892217
32321,42764943
32324,28267558
32326,20176991
32346,1300936084
32347,94366901
32355,459540622
32365,44999054
33269,178494
33379,118806381
33386,198892504
33387,185199113
33415,1666933810
33574,15898814
33582,9375881
33596,7311993
33599,8018262
34554,136059
34643,117929
34784,29485846
34876,24437772
34877,70409481
34878,112027339
34907,66975763
34915,163314669
34944,10430433
35022,82092327
35078,237306
35428,162815
35466,47600
35549,28277563
35610,15904368
35734,3678441
35737,598960
36203,51008454
36256,26903555
36270,120070767
36291,40882253
36294,25981666
36297,64959323
36666,57740927
37067,13658475
37076,6974305
37169,18899685
37170,21318862
37184,19813274
37267,119363773
37539,94862
37599,52416398
37611,52429393
37612,25114121
37811,63678555
38011,88253142
38039,906649
38066,955552
38068,1430082
38069,1200878
38070,54746236
38085,71889013
38115,672002
38395,7502583
38563,64213898
38624,44626541
38633,6941422
38662,19147290
38663,2494208
39087,244677150
39131,13431549
39812,274609782
39820,99810231
40080,156243736
40081,385476426
40082,28450235
40083,209336721
40100,82108809
40138,169935951
40139,18118983
40141,2148799
40142,1109239
40155,26144020
40156,10044861
40231,0
40234,27853790
40236,1717415
40237,1601744
40238,76710406
40297,1925519
40580,208421231
41043,72020371
41078,77046444
41820,15558730
41832,22569817
41872,131621734
42148,97778178
42167,173715945
42168,52966629
42169,172866927
42297,738596939
42425,79401234
42450,78142222
42495,134011255
42595,91156688
42822,61756211
43149,56123217
43314,14017598
43698,52295102
43758,130914202
43808,6760294
43814,54174788
43845,2159843467
43911,71095802
43912,200069347
43914,62507566
44042,3807241
44051,59965279
44395,17419995
44485,5381279
44487,50987989
44515,49321416
44534,346030369
44536,30922738
44538,25725104
44544,12125463
44546,2136411
44549,2384658
44580,75537
45349,52937139
45650,6148941
46508,8904410
46593,98283686
47690,15961269
47693,8594712
47698,132244282
47833,25551928
48275,7312286
48283,53937201
48286,26643666
48287,19614817
48302,13959221
48423,28424542
48433,7434472
48720,163197059
50237,31988548
50238,34703526
50247,8849725
50385,105893033
50489,82461041
50519,199976694
50558,95055913
50581,35263828
50600,31665313
50638,37241117
50679,7205907
50682,73962059
50694,58711451
50791,37164687
51105,61153
51340,2429386
51343,964762
51344,2208703
51653,54106166
52221,61219120
52715,68355251
52722,11455795
52730,41990869
52747,5396279
52749,2517404
52902,22684917
53273,39667519
53472,318392
53527,52278875
54049,6657566
54124,185022
54279,222540346
54281,34887674
54282,39999066
54316,89411436
54318,123017216
54354,7451718
54357,7004640
54362,20423892
54367,6386218
54372,8779389
54375,44963343
54378,15738795
54381,6206376
54384,5955672
54504,5903918
54968,10270569
55098,44068593
55119,310267076
55129,39370512
55417,19089198
55548,52635878
55805,19971821
55867,45745334
55885,5197080
55887,28367248
56256,6177125
56260,7319337
56290,7689935
56295,28875861
56302,17992957
56309,28000175
57381,21617344
57382,12489842
57383,6718666
57385,15031534
57386,8802136
57387,7843971
57390,10270390
58250,10487182
59140,51263052
59144,5003594
59445,2550463
59488,6126447
59549,18218374
60524,121588
60759,105943749
60794,14617478
61354,89801230
62747,33112679
63712,89618719
64142,35288869
64155,168165725
64444,56803467
64795,8960590
65192,18468381
65207,62458833
65210,21456827
65620,45399383
66544,118179591
68882,84915755
68883,120496743
69291,154473683
69351,426900
69501,8575147
69509,9835455
70999,113873115
71814,33226540
72034,71078
72205,32136617
72653,44716600
72771,109826816
72772,102353762
72773,52867363
72874,50616148
73325,8077866
73328,39947853
74488,656654
75144,759542286
75190,27657324
75967,18817349
76073,64545321
76218,120516837
76984,103695111
77099,89123977
77225,121566576
77241,49672133
77634,328449
77658,43591579
77702,62854
78173,21472282
78204,7087086
79715,3048783
79716,53739616
79803,30342661
80764,51032061
81368,91073376
81689,90099790
81882,14587290
81887,31210336
81890,8038406
81928,28071902
82596,673340284
82882,10928124
83310,67342578
83319,193671576
83321,62170120
83323,27818752
84507,3284514
85067,9942462
85103,18586531
85118,139544063
85545,15083409
85815,27567464
88467,131002118
88544,190309746
88545,32524253
91768,50081281
91771,14279360
92437,60623432
92579,23850600
92587,18505052
92590,19535036
93700,198397686
94233,51989889
94935,112868880
94957,1148334
95175,85468890
95178,91430672
95179,1051387440
95182,427671773
95186,146477629
95217,243225342
95244,652576994
95245,47601008
95294,25846399
96541,46270616
98659,2586787
99599,246263
102263,60390281
102312,139098
104442,52964856
104450,354643590
104728,111304987
105801,46667155
108856,1887244
109883,6551441
111919,162266687
112287,44729995
113113,10341683
114313,130519643
114953,113686681
115265,240421052
115274,561354813
115277,354335133
115284,280831892
116119,53975936
116124,208691525
117558,118437
118185,8698955
118791,14277674
119486,214831546
119500,382042
119825,32159280
121222,4031383
121282,34121121
123517,131696177
123523,75040301
123529,29220809
123700,84085784
124130,154483725
124363,83048838
124406,41846404
125295,17696774
126187,40253096
126287,64104300
126387,152318
127300,26109301
127312,87168794
127400,5848904
127821,28273436
127873,8213399
129914,141624443
129917,47618826
130267,47181703
130551,142840759
130588,56220675
132199,136234453
132200,49082264
133528,1830693
134903,32445893
135163,8080200
135166,10696845
135425,17467939
135429,11314626
135439,9588290
135446,8436203
136231,160426115
136838,117461527
137503,3205436
139644,85168124
140316,48194181
141256,270536122
141711,159361687
142857,8387591
143027,50980200
143623,81397406
143769,49109089
143771,56992507
143772,17249103
143773,101741009
143999,341438161
144001,34973898
144004,112051452
144015,172954149
144017,216100734
144019,30215778
144020,69529474
145349,61825235
147297,15070697
150884,62650379
151208,201200047
151316,103672844
152601,233957123
153640,12779548
153976,84411717
156331,19994322
156332,89825805
156337,35678417
158449,64903235
158806,63416067
161623,35501406
161679,6646673
161696,270907166
161740,6066082
162266,277086228
164646,92524820
164879,49024836
164882,172040201
166419,36187752
167180,34265798
169417,93705769
169418,127682371
169447,252782871
169550,113801903
169862,52419906
169863,190118716
171414,19237207
171576,201245186
171580,230792322
172511,54649454
172515,21688463
173245,73780037
173649,242962668
173709,77430559
175027,23617890
175115,33279135
175122,7264860
175129,17497701
175333,368531
176110,2432559
176113,2908337
177673,311701597
177789,43082114
177928,33368423
177934,41817581
177968,18267877
178025,33148128
178044,30464844
178049,19409848
179426,119680207
180245,68684492
180246,45648594
181456,40438980
181468,45781951
182230,21197763
182238,47990050
183662,3050937
183663,25302164
185573,855503
186112,147007101
186621,73535953
186623,21049494965
186749,132977771
186994,3506693
186995,44585789
187607,14623515
187620,27468666
187632,4977766
187696,1837858
188342,7840813
189314,24404027
189315,104172496
189319,82064285
189527,10790226
192205,7107739
192383,91627788
192434,91784309
192448,149379498
192924,83771172
195881,27076348
196245,65116153
197539,258444
197540,641290
205120,55097929
209173,82319136
212532,61200099
213546,767877827
213859,21584898
215788,50976102
217033,110255694
217614,2715143
219108,1011370
219112,918118
219490,67791489
224219,237651007
224230,167275746
224313,75508314
226861,102367546
227180,7403144
227190,7507848
227508,5622585
231877,26152468
235880,129324294
236378,74386017
236659,90380100
236781,91337276
236919,24940474
237436,9624009
238596,28743623
238742,28726569
241819,35070361
243706,42659607
246456,81653167
248746,62586415
252293,46213713
253710,34278179
254526,46909322
254572,7241137
254655,17557106
256835,90529095
259919,93517599
261156,45789983
262157,112174696
262181,58028920
263631,487711093
263632,51486242
263641,111587477
264006,88068822
270656,109504085
272199,93818100
272228,49742942
272242,296202919
272310,85933563
273877,32967857
274705,256606665
274795,57914310
278171,223176846
282291,166816
284551,45109067
286472,106708790
286710,256599041
286715,41468903
287187,49703134
288382,43377027
290403,111624471
292440,143404078
293508,94716358
294824,108596611
295125,57190187
295648,94970071
299347,102374546
299362,79508334
301638,126556019
301641,88210805
301957,155230
301959,98836892
302523,32277827
303412,248457557
311092,22032307
318529,124614914
319057,189372065
319058,229125108
319762,52115576
319765,67643034
319766,89264149
319770,27085737
319773,136251398
326408,26308511
328321,405744922
329146,59322382
330750,65578096
332381,1905297
333877,88761030
337729,2886848
337730,296384096
337752,158887198
337963,165292779
338151,1230606
338152,248650546
338153,99709674
343564,140250796
347697,51692030
348687,103307520
353826,107965729
353830,8472898
354926,30914442
364048,74361082
365066,51780277
366209,93109085
372310,11038274
376918,1516185
378850,49318697
379582,20377908
385256,154180470
387103,41795044
390319,86178950
391181,217562142
397427,72367787
400781,42338670
400782,29852106
400783,105325357
405002,284316823
409248,99882673
410274,80274595
417943,22055673
421285,37223530
421418,30914660
425629,15101406
426437,161803102
428444,30534383
433502,263441559
433514,208667466
433515,77876569
454361,8008916
458188,6621402
461250,8535199
461255,9457735
462262,9373832
465383,110482369
466544,8490826
466552,22724972
466585,72016943
466866,38828892
475176,128470879
475327,77339256
476429,62043848
476934,42625770
479730,55508831
497220,118582649
497678,178102006
497704,57474272
504567,315689859
504569,128746401
523164,28634231
523174,35568123
523176,129409656
523180,133902128
528041,41144464
552881,44615261
557415,146118118
565685,42095985
569105,81904387
569110,88452089
569643,62749466
572922,770221772
577242,20072431
581385,262168073
581387,231456346
581389,368153569
586240,559013880
603456,19331889
607660,43707920
613091,72786939
619356,5542014
626425,15148103
630280,52233420
641307,308310742
641308,166812353
667167,10672704
670801,87785830
670802,84584032
676061,1772725
687156,217295231
687453,36097716
696215,227377
701798,105829774
703913,155297692
721813,296486261
723806,1735358
745257,2533132
795077,127334394
805116,52591918
880551,8889107
904181,113827023
981671,21463949
990937,73777
1008259,818762
1110385,87239274
1115744,217656
1128656,48354488
1184125,65141135
1191377,94806855
1191378,87392266
1204718,30423170
1271710,31027637
1272141,44499594
1277737,86603410
1304792,23405014
1315725,214124516
1329799,7912705566
1329929,59663981
1390229,163533593
1430885,40071820
1463137,119567938
1477611,68464636
1478967,392388883
1490021,271440973
1505891,506334937
1545690,24600867
1556158,157543877
1566705,48110452
1579279,106419733
1583079,88895256
1585420,27097618
1607688,44385613
1664845,114089925
1673678,9766520
1699522,146989249
1705102,108580301
1718445,37007834
1729112,111121181
1730093,16326391
1801551,27151946
1811493,5483707
1844584,499317973
1927917,67497904
1931078,7348430
1932955,29114636
1945703,178970366
1955429,181750373
1962849,26484687
1963758,903132781
2024747,53824015
2029106,89673418
2041976,8151867
2068716,118231206
2068718,12211740
2068721,13274779
2068722,81456488
2068731,11771780
2079927,10181417
2094723,161950
2116660,10404859
2169681,8942286
2338966,43931385
2507001,17267149
2509194,40469420
2509196,90896186
2511161,179304
2555556,174704397
2555566,838930860
2558922,58199062
2607033,8645450
2721536,123735432
2743693,97833941
2743694,834041850
2743697,247721423
2743704,157916469
2743705,64617131
2743715,239408139
2743716,311229622
2743728,817575179
2743731,88905621
2743747,380009173
2743748,128648782
2750048,386662
2761142,88118178
2761157,149618773
2761159,23330603
2787994,32023571
2821308,9265827
2839394,170884672
2839395,34039243
2850835,99545674
2892069,17932623
2905228,7103708
2925401,40869493
2927774,8320839
2931431,24968249
2969676,46315004
2982298,15333506
3042,31546332
3244,250441
3440,119567938
3502,435774136
4345,110255694
4454,139825425
5789,217656
6103,114693350
6219,87723261
6243,33564328
6314,649204
6348,309398904
6466,181750373
6547,99110559
6646,376110
6744,137379
6845,160969
6939,161803102
6974,89123977
6995,196005817
7002,232823616
7036,118806381
7042,666794772
7049,286544035
7055,672974673
7056,103307520
7065,98932245
7081,539197335
7089,77339256
7096,103672844
7100,3473998515
7114,513299392
7135,340161502
7149,26647381
7164,376160704
7174,52278875
7197,62633943
7198,40064126
7214,2169217299
7371,337463653
7392,198170724
7402,307796539
7422,1002767538
7423,296202919
7430,85933563
7438,285686452
7455,103695111
7479,265047941
7511,62043848
7520,89673418
7533,28743623
7599,223023201
7682,159693
7745,171333622
7762,132213
7850,156321242
7858,60607113
7864,27384959
7898,21130823982
7914,38781955
7925,73017232
7933,386320014
7992,91156688
8006,1564977481
8007,80077254
8012,69187813
8065,86252727
8075,362558838
8079,559013880
8087,886123106
8100,603126432
8101,40438980
8165,687551747
8192,133466116
8205,1071592801
8220,469054517
8288,81329017
8360,140079745
8372,72786939
8397,106111514
8417,409879559
8431,318465142
8445,174672232
8460,218917324
8505,127047222
8511,195050484
8522,277086228
8560,213844451
8561,154180470
8572,65116153
8578,242538622
8602,460172933
8689,472263476
8784,18192606
8792,9637543
8799,6581820
8802,63455428
8819,37656268
8826,249489072
8830,236945993
8892,82048485
8893,17549860
8902,103567949
8906,274232424
8920,63267290
8929,86670616
8936,55276606
8940,49981884
8948,85113780
8976,275620529
9005,182619316
9108,228784106
9126,2706841438
9205,119027666
9215,6273621
9219,155843221
9223,329984210
9230,186053311
9265,64104300
9362,94816509
9363,3382063
9369,5340896
9376,28353101
9389,2533132
9398,171238709
9415,107883355
9498,163668080
9527,590838113
9655,281428157
9673,918118
9681,349590826
9722,248534891
9761,87881980
9774,55956027
9779,83702882
9810,30888037
9815,54792423
9834,120809489
9850,313805625
9895,799610310
9971,27844157
9975,41598489
9991,158887198
10015,21641498
10220,441317
26254,499317973
27479,113873115
27482,482954151
27508,8008916
27515,27151946
27532,44729995
27544,828637524
27791,202278851
27833,318392
27921,61153
28731,10430433
28734,2280523
29035,68355251
29051,93818100
29994,95055913
30009,349828584
30225,364287083
30367,464808325
30411,6113107
30416,7980418
30447,20447716
30449,68735014
30458,110442500
30483,73374208
30503,301938830
30560,394549779
30648,6864188
30656,3366986
30725,263646266
30761,52233420
30871,564249247
30892,42625770
30908,29485846
30942,321613857
30947,19331889
30995,48354488
32341,1805475760
32434,51692030
32517,124961998
32561,10668597959
33256,157498
33355,207068446
33358,372453961
33362,169917107
33366,57740927
33370,42095985
33375,75208070
33381,224344412
33406,88613720
33460,24968249
33464,72367787
33511,42254743465
33550,144646985
34531,161950
34542,136059
34672,17267149
34687,140250796
34695,1006378282
34989,1481912702
35036,170494036
35491,324163
35497,90050494
35499,27309920
35500,1238718066
36138,76191775
36141,27468666
36161,57190187
36668,1640427742
36985,44716600
37538,94862
37571,372359894
37572,3302560372
37581,452086542
37582,343769184
37584,58986775
37909,88253142
38096,56220675
38607,30486650
38608,78007172
38609,202965582
39814,110482369
39816,160916986
40040,454069815
40093,345231786
40096,204923915
41012,91337276
41030,15070697
41097,263441559
41142,62749466
41155,108596611
41712,265423917
41811,54174788
41830,204569187
41945,245932691
42265,83048838
42282,492491175
42289,210640808
42300,48194181
42449,233957123
43062,51780277
43085,159361687
43148,106739365
43254,160426115
43745,85168124
43749,112557694
43750,255988307
43755,1591559276
43792,5396279
43831,91784309
43838,799005820
43871,205105181
43878,23434549
43882,49024836
43901,172040201
43910,116142761
43913,74886740
43916,340068270
43917,119680207
44040,3807241
44353,248457557
44484,5381279
44543,14261874
44545,2136411
44548,2384658
45053,84411717
45443,407844023
46562,46667155
47697,132244282
47757,457392053
48301,13959221
48704,34703526
48715,4977766
48991,38040088
50370,142851711
50374,83117707
50424,139098
50527,45789983
50554,27567464
50599,31665313
50623,38828892
50673,118175800
50674,58711451
51964,61219120
52632,80274595
52721,11455795
52723,33226540
52729,41990869
52735,72020371
54286,170356476
54288,270536122
54907,34121121
55118,379537274
55199,311603043
55708,32023571
56259,161742970
56301,17992957
56308,28000175
56718,155297692
56724,45781951
57379,12779548
57384,15031534
57389,20612073
57514,10928124
57894,45046959
58055,44585789
58247,10487182
58262,15558730
62155,42338670
62802,118990112
63707,89618719
63715,102367546
63826,146118118
64154,113801903
64387,90529095
65022,167530349
65149,32967857
65170,64830871
65619,45399383
66704,56910591
69128,84085784
70893,122714137
70899,43237350
70987,989786086
71527,160267987
71541,182990193
72033,71078
72045,189243269
72530,19887087
74489,142423
74972,198397686
74975,117929
75187,27657324
75200,81653167
75981,179304
76072,64545321
77572,330900806
77573,278342830
77657,62854
78169,25846399
78171,21472282
79514,91627788
79705,38044789
79706,91259837
79709,1905297
81386,91073376
81687,861777988
81953,61825235
82587,114333086
82593,1080948730
82616,28634231
82617,164977779
82738,41144464
82886,94970071
83311,638783060
83881,128470879
85772,140338096
86197,57474272
92558,23850600
93884,58028920
94930,22055673
98297,89968046
98302,456495
98966,32445893
100750,50976102
102812,127334394
104425,67791489
104437,46213713
104783,75537
106219,65698912
106221,127031
106236,9373832
106499,214766824
115244,951822269
115263,240421052
115350,111587477
115354,49703134
116151,20072431
116561,43591579
116575,426900
117887,39370512
118184,19395800
121221,4031383
122737,105829774
123731,177414201
123757,416592
124129,154483725
127320,352291949
127399,5848904
127820,28273436
129918,52295102
129920,51989889
130269,47181703
131214,114535
131567,86077065196
133075,41795044
133076,384091617
134612,38734038
135860,32026701
136836,117461527
143026,50980200
143727,56992507
143733,49109089
144867,118179591
146277,96455252
150883,162266687
156309,30464844
156312,19409848
156323,34278179
156330,145498544
160439,162815
160513,298067944
161768,41817581
164862,40188604
167475,75040301
171578,230792322
171637,296486261
172377,26152468
173647,62586415
173680,90380100
175121,457945275
175332,368531
177618,18267877
177669,311701597
177781,43082114
177924,33368423
185809,21688463
185816,35263828
186093,107965729
186108,157543877
186111,147007101
186619,73535953
186627,4327608172
186632,86993918
186745,132977771
189317,82064285
189482,217562142
192204,470330136
193206,83771172
195166,261067554
196982,8472898
204509,1733544
205141,163197059
211566,33112679
212526,61200099
213545,767877827
214607,960171492
216276,155858725
216423,43377027
222823,15108583
222831,16077947
226749,105893033
235629,129324294
236915,24940474
241818,35070361
253723,30914660
268499,621228496
270602,64903235
274692,256606665
274794,506334937
284555,94716358
288404,32277827
288410,37223530
318546,632621689
318559,124614914
319783,47601008
328320,405744922
337664,44179202
337673,1109239
337677,476351977
337726,299270944
344705,107887248
344711,56803467
376912,66602394
376915,173571357
376916,1455894
376917,45330623
376919,2107527
378855,2385634
379583,394635559
379584,833206890
379589,1011370
423054,15067481
461499,28726569
469321,133902128
523093,99882673
629296,99545674
655439,227377
670798,172369862
676060,1772725
685122,87392266
685130,94806855
686349,14617478
695564,919298183
698016,212428652
721789,65141135
879230,77046444
948951,9258154
948952,2578320
948953,6211212
1002748,8436203
1008263,41288632
1049651,63678555
1053962,58199062
1056966,183320465
1110380,87239274
1159319,899086349
1294636,163314669
1298654,61589692
1329920,103731716
1330544,164121997
1410427,56788399
1489620,41863639
1489739,370790330
1489793,914288379
1489845,125181247
1489905,253719429
1489907,576764139
1489909,330992003
1489919,131621734
1489923,493879228
1489928,353612144
1489929,30534383
1489931,226088402
1489935,38451948
1489938,116277366
1489939,30423170
1490020,154473683
1545895,88743635
1545897,380356668
1545901,138552153
1545920,43745660
1579275,117963752
1579283,167790454
1588183,2517404
1699513,255569550
1699523,108580301
1861795,54911787
1927915,67497904
1931080,84997046
1956187,15738795
1963757,25205391
1963759,19517715
2024743,79401234
2116661,485539049
2218862,71889013
2301094,185022
2558200,200749220
2653790,42331515
2681869,94845429
2705894,121588
2743695,247721423
2743714,550637761
2743726,906480800
2743745,380009173
2750049,386662
2768097,31988548
3615,87239274
3745,361627396
3931,255569550
3977,129324294
6102,115109942
6125,416592
6137,227377
6218,87723261
6249,157498
6308,649204
6552,127031
6562,456495
6580,142423
6638,376110
6665,43591579
6675,88253142
6738,137379
6844,160969
6962,43237350
7080,650784812
7117,114333086
7128,327514138
7139,1029308337
7143,210640808
7296,3807241
7366,116142761
7381,340068270
7399,6600096104
7401,431747735
7408,123951196
7458,1037104767
7501,28273436
7681,159693
7761,132213
7863,27384959
7900,154483725
7911,73535953
7991,370790330
7995,914288379
8002,41863639
8043,177414667
8064,86252727
8070,73804399
8076,117461527
8107,256606665
8111,3183126892
8112,687551747
8219,469054517
8224,132977771
8252,321613857
8292,1796215638
8293,464808325
8342,1156735081
8352,140079745
8416,698190194
8504,2755892393
8548,225341117
8570,1547028855
8783,135523665
8798,6581820
8825,5602095065
9214,6273621
9721,336416871
9845,1266027986
10219,441317
16360,139825425
27439,388408393
27474,560572805
28738,1293967129
28781,457392053
29026,245176363
29140,86993918
30001,282159062
30005,4031383
30073,56952291
30083,115320574
30102,42095985
30187,41795044
30248,107887248
30352,288310635
30496,156321242
30559,171238709
30907,29485846
31022,163413946
31028,124961998
31089,265423917
32521,493458367
33354,320941561
33356,113873115
33357,401197584
33359,28743623
33365,171725925
33373,943108058
33377,118806381
33385,524749195
34667,200224399
34680,1750828089
34725,285686452
34735,1885237243
34979,65116153
36151,226137782
36164,91784309
37528,67497904
37567,13816250100
37569,622859324
37570,4813257600
37573,961389998
38605,64104300
40092,345231786
40304,8008916
40307,1147543906
41011,181812089
41029,15070697
41042,72020371
41073,197607671
41088,2308821195
41197,13875236875
41242,223023201
41705,1692236438
41711,69187813
41768,119567938
41827,665934832
41828,42206111
41831,62633943
42315,56803467
43697,104284991
43734,140250796
43741,3391185935
43742,1905872761
43744,240421052
43746,2207257387
43753,198170724
43784,246560056
43787,70547626
43790,41990869
43793,44682335
43801,15558730
43816,376160704
43817,235599340
43866,72459385
43867,172040201
44482,15868461
44483,5381279
44578,75537
44598,139098
45049,84411717
45080,121588
46881,9373832
48384,13959221
48719,163197059
50488,122714137
50553,27567464
50645,311701597
50671,176887251
50672,23850600
50827,185022
53550,52278875
54906,34121121
54970,19887087
55153,458158142
55879,33564328
56717,155297692
63710,208260579
65171,26152468
69675,96455252
70404,38828892
70405,225091708
70906,196005817
71192,45789983
71193,899814178
71274,1333438577
71525,107965729
71526,28545329
71529,772624546
73401,899086349
74971,198884146
74974,117929
75543,256104487
75546,672974673
75739,15067481
75966,179304
76071,634806254
78170,21472282
79707,66692074
79708,1905297
82592,1080948730
83232,61825235
84337,43654433
91835,926725826
92621,232823616
93880,33368423
94020,198397686
96475,162815
102804,127334394
104423,67791489
104430,1497535885
104431,11341046400
104432,157543877
104435,49703134
104493,147007101
105390,309398904
105710,32023571
106218,65698912
106220,99110559
106496,214766824
116571,71078
116574,426900
117569,171333622
117893,99977625
118152,217562142
119195,531634280
123349,146118118
123357,91073376
124286,145498544
124343,83048838
129369,62043848
130264,47181703
131213,114535
137627,217656
140493,61153
164860,245293785
171638,65141135
177617,18267877
177765,43082114
181389,22055673
185812,35263828
186626,5654550520
193205,83771172
211564,33112679
214597,960171492
216285,181750373
226742,105893033
232639,31665313
236347,24940474
253718,143793044
253722,37223530
297308,161803102
304574,1733544
314294,590838113
319056,124614914
319095,632621689
351509,32026701
351514,94970071
376911,220357874
500008,386662
523712,767877827
523720,311603043
551287,161950
551290,136059
554674,95055913
572384,57190187
730330,150949139
730331,91259837
730333,27468666
868270,71889013
948950,8789532
1049656,63678555
1049657,208781168
1294634,224904361
1329911,1967420456
1329922,61219120
1329961,2628845171
1329975,277086228
1329976,447580264
1338366,81329017
1478969,499317973
1489100,38781955
1489460,431317551
1489844,52233420
1489877,128470879
1489880,57474272
1489884,189243269
1489900,225969418
1489904,1152097425
1489908,3812598371
1489913,2291332221
1489922,5278812386
1489940,635186187
1489943,564249247
1490028,132244282
1521260,250441
1549675,525109601
1579336,370069305
1683801,41817581
1803217,27151946
1912919,119657191
1919246,94862
1955251,2582059179
1963761,6864188
2029065,89673418
2153479,1640427742
2315723,155858725
2607030,185616434
2653789,378748386
2783445,121991617
2812636,31870495
3166,31870495
3524,87239274
3646,129324294
3744,361627396
4210,127334394
4447,139825425
5796,15067481
6073,183221885
6101,115109942
6217,87723261
6274,157498
6341,309398904
6448,434064350
6545,165532095
6546,99110559
6692,137379
6843,360848217
6905,198884146
6935,161803102
6960,38995298490
6961,165951487
7020,1079480870
7033,71889013
7148,1097268996
7157,611760044
7203,7480659741
7211,489793371
7400,6428571478
7434,3846512299
7516,89673418
7524,2120301097
7588,223023201
7705,159693
7777,658996864
7778,631611905
8113,757236603
8492,5962523091
8509,2628845171
8782,5737618730
10197,156015
10207,83771172
10232,121588
26122,960171492
27434,33112679
30261,31665313
30319,140079745
32446,431317551
32519,5741544438
33339,222903778
33350,57190187
33351,722139145
33361,226137782
33368,42095985
33380,524749195
33392,34108632235
33680,217656
35493,2864627925
37516,386662
37568,1029308337
38130,84411717
41033,311701597
41084,4183504516
41085,256104487
41086,672974673
41087,945604161
41196,13875236875
41666,1621543406
41819,15558730
41829,72020371
41944,255569550
43733,7340408945
43738,5297058696
43739,91784309
43740,1750828089
43754,116142761
43786,708140943
43846,9373832
50557,38713139428
50622,263920600
51241,47181703
58023,2862617031
63711,105893033
70910,232823616
71275,1182295376
71528,588632792
84318,426900
85817,117240882
85819,4031383
85823,272459723
93873,90256701
94929,22055673
104434,214766824
116172,88253142
116557,43654433
116569,71078
117565,132213
119089,34556052
119197,531634280
123368,12089509870
127218,164690715
129912,218729115
131221,2864350575
140693,62043848
177616,18267877
181483,132244282
186622,228019678
186624,493458367
186628,1326942348
186633,86993918
213547,311603043
215450,298009
215451,376110
216275,337609098
480118,7163521694
504493,13959221
535382,197607671
1329912,2415000720
1330543,61219120
1437183,2862366590
1437201,2602973227
1476529,171465835
1489343,265423917
1489388,13850934121
1489798,69187813
1489843,177414667
1489872,11688777545
1489874,86252727
1489876,128470879
1489878,526528789
1489892,330254409
1489894,132977771
1489921,301415810
1683727,43082114
1927913,67497904
1955247,397863707
2153468,143793044
2174975,196005817
2301116,33749350
2301119,33564328
2315720,181750373
2510002,43237350
2692248,32049799
2816136,75537
2908833,122134040
2939015,650784812
3041,32049799
3193,2862617031
3398,2862366590
4143,960171492
4209,127334394
6074,386662
6231,34556052
6236,33906848
6340,309398904
6447,722404604
6606,674119
6656,39488689639
6658,43654433
6683,137379
6830,71078
6893,198884146
6934,161803102
6970,272459723
6994,196005817
7041,4381112187
7147,8577928737
7496,38618083515
7509,62043848
7587,223023201
7624,159693
7899,228019678
10190,75537
10206,83771172
30262,84411717
30263,463308289
33090,2896677724
33340,38395179737
33341,2077803305
33342,2208744197
33349,779329332
33367,71889013
41071,197607671
41191,13875236875
43737,1842612398
43752,489793371
43789,72020371
43953,426900
91827,2602973227
91836,255569550
93875,373051588
119203,531634280
123367,12089509870
123369,11821021827
142796,217656
186625,20023796110
186634,6172861989
197562,39127841422
282425,431317551
436492,5737618730
480117,7139671094
1206795,1203419529
1280412,15067481
1329950,2415000720
1489340,493458367
1489341,20289220027
1489841,177414667
1489873,22055673
1489875,654999668
1489883,218729115
1489885,132977771
1489911,757236603
1489920,301415810
1683728,311701597
1930602,4031383
1955150,232823616
2172821,88461599
2785011,287666135
2785015,122134040
5794,15067481
6544,287666135
6605,674119
6657,132542932
6670,426900
6682,137379
6854,360687248
6933,161803102
6993,428829433
7001,232823616
7088,13875236875
10205,83771172
32440,228019678
33347,779329332
58024,2862366590
71240,2602973227
72037,71078
85512,38618083515
85604,14338545164
88770,39488689639
91882,127334394
91888,960171492
123366,12089509870
133551,223182894
197563,39127841422
436491,5737618730
735337,122134040
1206794,39523245691
1489838,177414667
1489910,757236603
2605435,217656
2697495,1203495066
2697496,75537
6599,122134040
7586,223182894
33345,779329332
33630,15067481
72041,137379
78536,2862366590
123365,12089509870
436489,5737618730
554915,217656
2172819,426900
6681,137379
33343,779329332
436486,5737618730
2698737,15067481