node, chunk, filesize
1,0,0
3055,0,973523
3088,0,200194
3144,0,114535
3750,0,196244571
3752,0,100241690
3986,0,129324294
4460,0,94716358
5791,0,217656
5802,0,15067481
6239,0,5197080
6253,0,157498
6289,0,152318
6339,0,178494
6454,0,90607613
6455,0,65251112
6549,0,98494632
6579,0,65698912
6596,0,142423
6613,0,161950
6645,0,117887
6850,11,160969
6973,11,63678555
6978,11,89123977
6997,11,40528503
7004,11,106908402
7029,11,60681762
7038,11,49672824
7044,11,131696177
7048,11,242025584
7054,11,86841275
7061,11,152160313
7064,11,75435986
7067,11,44499594
7070,11,23405014
7084,11,87828392
7091,10,39083468
7092,10,25575461
7102,9,28026756
7107,9,65989221
7108,9,28511000
7109,9,5745
7111,9,21383573
7113,9,49630017
7116,10,33006992
7130,10,28634231
7137,10,28450235
7141,10,4942
7153,1,4884578
7159,1,91248813
7160,1,92071652
7165,1,86863892
7167,1,9740805
7168,1,7242922
7173,1,11109121
7176,1,52278875
7200,1,8731905
7213,1,40188604
7215,1,11149964
7217,1,66283107
7218,1,55743990
7220,1,31415437
7222,1,13959221
7224,1,14497385
7225,1,54911787
7226,1,39041708
7227,1,31278569
7229,1,81750256
7230,1,20923985
7232,1,3093659
7233,1,55684873
7234,1,55815238
7237,1,32405377
7238,1,42676237
7240,1,31741053
7241,1,10653220
7244,1,33459222
7245,1,34766917
7248,1,46965242
7249,1,58187879
7251,1,48703965
7252,1,6896487
7257,1,8775385
7260,1,44999054
7263,1,4249914
7266,1,11259629
7274,1,34431833
7282,1,24657964
7291,1,24788992
7368,1,35481728
7370,1,45046959
7373,1,37855793
7375,1,37297804
7380,1,39999066
7385,1,30237200
7386,1,41282784
7394,1,26392222
7395,1,31954096
7398,1,32287254
7416,4,29970648
7421,4,10181417
7425,4,63371683
7426,4,20202740
7427,4,20808406
7445,4,12927696
7446,4,7933661
7454,4,17709441
7460,4,7168248
7462,4,3672831
7463,4,4486255
7493,4,15584587
7515,11,62043848
7536,11,28743623
7539,11,89618719
7604,8,59122665
7609,8,79472131
7611,8,84428405
7742,0,177689
7753,8,58097610
7757,8,57044883
7764,8,132213
7830,8,73374208
7868,8,27384959
7906,7,154483725
7913,7,73535953
7918,7,38781955
7932,7,38937310
7936,7,117329681
7938,7,51428191
7950,5,69270198
7953,5,0
7954,5,8144663
7955,5,109010583
7957,5,153456949
7962,5,107009117
7965,5,84242660
7994,5,91156688
7998,5,142359640
8005,5,41863639
8010,7,80077254
8017,7,130433293
8018,7,67255459
8019,7,102845428
8022,7,70705197
8023,7,71898623
8030,7,98004051
8032,7,156145725
8033,7,0
8040,7,86545593
8049,7,66879665
8056,7,58301582
8074,6,38734038
8078,7,92776924
8081,7,38202985
8083,7,42122497
8084,7,62873287
8090,7,61433346
8103,6,40438980
8128,7,140571743
8150,7,56232450
8153,7,42390488
8154,7,63563584
8161,7,33346245
8167,6,109961344
8168,6,104824453
8175,6,72121811
8177,6,96204529
8187,7,26289596
8208,6,65740471
8218,6,179934269
8236,7,66602723
8238,7,66375048
8255,7,19237207
8267,7,40325343
8284,5,126386849
8296,8,464808325
8355,8,79387390
8364,8,60692355
8384,8,109375885
8386,8,124749070
8407,8,106111514
8457,0,644742
8459,2,948999
8467,2,71142754
8469,2,76674106
8475,2,115154576
8477,2,66766
8478,2,80685373
8486,2,206736
8496,2,90930899
8502,2,61589692
8508,8,127047222
8519,8,79401234
8524,8,40059207
8616,8,60623432
8628,8,78781408
8630,8,94085519
8663,8,86899840
8673,8,86816105
8724,8,58943281
8729,8,54384645
8742,8,83471068
8773,8,82092327
8787,2,9147824
8790,2,9044782
8795,2,4420557
8797,2,5216986
8805,2,6014908
8823,2,7705702
8824,2,13006817
8839,2,45150123
8840,2,8095763
8845,2,7006628
8846,2,8768883
8851,2,6148941
8853,2,11277823
8868,2,12053488
8869,2,11817055
8884,2,12170187
8897,2,8645450
8905,2,6459448
8932,2,7235831
8947,2,7087086
8954,2,7274848
8957,2,43443598
8969,2,11111913
8996,2,10085165
9002,2,8974316
9009,2,13921293
9014,2,12904648
9031,2,11180172
9049,2,9590604
9050,2,11882566
9054,2,16151201
9065,2,18522559
9089,2,12059473
9103,2,22724972
9117,2,6833863
9121,2,13836092
9132,2,8942286
9135,2,33886457
9157,2,9767754
9160,2,10376374
9163,2,15421662
9172,2,8260216
9176,2,8210235
9191,2,44937650
9209,2,13428131
9218,2,6273621
9226,2,7204446
9228,2,10492625
9233,2,7713912
9234,2,11235777
9238,2,9365092
9240,2,8398969
9244,2,22379509
9252,2,8795934
9255,3,397242
9258,3,20255340
9263,3,791278
9305,3,44874333
9315,3,0
9337,3,36527847
9347,3,29326536
9348,3,140436
9355,3,588627
9358,3,4383584
9361,3,3774447
9365,3,3382063
9371,3,2908337
9392,3,107975
9397,3,79768
9402,3,1135894
9407,3,46725731
9413,3,2525058
9417,3,1946362
9423,3,26858872
9430,3,1601744
9433,3,2038054
9438,3,2597368
9443,3,13633023
9447,3,1021298
9460,3,1256517
9470,3,917001
9479,3,4159823
9483,3,27057070
9491,3,861473
9509,3,1430082
9514,3,844681
9515,3,27983490
9516,3,1356645
9526,3,5395883
9531,3,1300983
9538,3,808501
9541,3,28752592
9543,3,41912471
9544,3,30918517
9545,3,27424997
9555,3,1167999
9561,3,61483290
9565,3,39761431
9568,3,1284634
9589,3,31119623
9590,3,40090588
9593,3,0
9595,3,29155071
9597,3,30600705
9598,3,25142557
9600,3,43412967
9601,3,294953
9604,3,538661
9605,3,71282
9606,3,1501275
9612,3,21526759
9615,3,0
9622,3,942874
9624,3,21230732
9627,3,28719191
9643,3,54191430
9644,3,35784595
9646,3,1496925
9649,3,505447
9657,3,49081403
9664,3,818762
9668,3,1074779
9669,3,24116017
9672,3,708698
9678,3,18081637
9680,3,21380205
9685,3,46987115
9689,3,22938021
9690,3,762388
9691,3,1303656
9694,3,1583137
9696,3,297662
9704,3,696493
9707,3,65519
9711,3,24207906
9713,3,1670210
9715,3,22174346
9716,3,1017659
9720,3,41334452
9725,3,641290
9731,3,22187194
9733,3,1453314
9739,3,1980293
9742,3,871102
9749,3,1523012
9755,3,52374982
9760,3,1626179
9764,3,1262138
9767,3,1019415
9770,3,35498867
9771,3,25241468
9778,3,3995057
9783,3,26608826
9785,3,57094056
9787,3,66747
9793,3,22845281
9796,3,25394626
9798,3,1147224
9801,3,605438
9802,3,980014
9805,3,42878737
9807,3,1846872
9813,3,27664740
9818,3,4009122
9823,3,21755429
9833,3,2614035
9837,3,651569
9838,3,435617
9840,3,27783261
9843,3,25167109
9844,3,21598005
9849,3,1405009
9852,3,20356457
9860,3,14025929
9870,3,1788282
9874,3,1287339
9877,3,39042264
9883,3,24437772
9886,3,23076390
9888,3,22491764
9891,3,23882447
9897,3,18899685
9899,3,1178764
9901,3,2572211
9904,3,22791285
9913,3,22884852
9915,3,1233951
9923,3,582592
9925,3,48342301
9927,3,19906635
9938,3,31603446
9940,3,3185919
9970,3,41313462
9974,3,642665
9978,3,1342917
9986,3,22226376
9989,3,2045552
9993,3,523363
9994,3,24753271
9995,3,60197430
9999,3,42413744
10020,3,18544869
10023,3,19517715
10029,3,3400368
10036,3,3745762
10041,3,56738248
10042,3,0
10047,3,561961
10060,3,3078622
10066,3,10540426
10068,3,1875355
10085,3,1109239
10088,3,15065136
10089,3,1514194
10090,3,5343980
10093,3,2064081
10096,3,473152
10103,3,53758193
10105,3,22307183
10112,3,27392313
10116,3,440463
10117,3,28204341
10137,3,972314
10141,3,43057558
10149,3,2306196
10157,3,1558047
10160,3,1394125
10166,3,569285
10169,3,656654
10181,3,53765802
10183,3,246263
10224,8,204011
12930,2,7063445
12957,4,38838295
13037,10,17736170
13114,2,7409329
13146,2,8696499
13164,11,33347966
13180,2,8873774
13233,11,26527259
13245,2,8320839
13249,11,38574849
13262,11,43742057
13397,8,156321242
13489,6,35427046
13515,3,1025629
13616,3,64104300
13632,1,25209762
13686,4,96060541
13735,2,66975763
13746,2,6191083
27454,1,80006476
27457,1,23555740
27615,3,1128830
27622,3,28054857
27642,3,1717415
27675,3,1239001
27679,3,0
27687,7,81329017
27704,5,106633288
27706,6,165525122
27794,2,54461991
27835,0,318392
27923,0,61153
28377,8,53824015
28584,1,78962350
28588,1,25551928
28610,1,90820221
28612,1,81219980
28689,2,9430562
28697,2,8043398
28711,2,7519834
28713,2,9337166
28716,2,13828625
28724,2,9675191
28737,3,2280523
28743,7,56234727
28829,7,68063170
29029,1,25735486
29030,1,24856972
29031,1,31332221
29053,4,93818100
29057,10,25407657
29058,9,13773899
29064,3,29771736
29073,3,539516
29078,3,23948871
29088,3,579105
29091,3,2584944
29092,3,49154461
29137,3,27203026
29139,3,56247253
29144,5,86993918
29158,0,183936
29159,0,120086
29656,0,45109067
30018,1,21922680
30019,1,7748882
30023,1,24399814
30025,1,19455215
30033,1,24620875
30065,1,685782
30066,1,13588109
30068,1,1117075
30069,1,24185062
30076,11,75298266
30191,4,32551655
30194,4,27903420
30195,4,38407416
30201,4,18815200
30207,4,32763387
30212,4,23288572
30213,4,5752985
30317,8,47557976
30331,8,102967665
30357,8,94806855
30388,2,6394138
30410,2,10285206
30419,2,7980418
30423,2,11633165
30455,2,6553636
30456,2,6876431
30457,2,8768052
30461,2,10976148
30464,2,5202870
30521,3,22992601
30522,3,23150991
30527,3,37332814
30538,3,44529099
30551,3,1378543
30586,3,31684604
30589,3,955552
30602,3,37631115
30608,3,2441821
30611,3,1925519
30640,3,87064934
30732,7,48949198
31033,6,25409253
31142,8,46980354
31869,3,1455894
32389,4,88863326
32443,0,14938
32473,7,52866445
32523,0,574612
32524,0,3390927
32525,3,2601363
32536,3,1230606
33208,0,195494
33317,0,44719
33412,10,8777546
33416,10,15721436
33418,10,6691939
33423,10,7598202
33425,10,7192402
33427,10,6400927
33428,10,6308651
33429,10,12918943
33440,10,6648333
33441,10,8240432
33442,10,28569930
33444,10,8065662
33455,10,10129554
33457,10,6586080
33528,7,27155526
33548,3,31428305
33553,3,43001
33554,3,304384
33556,3,310800
33562,3,30486650
33584,2,9375881
33598,2,7311993
33601,2,8018262
33616,2,17376973
34620,11,161803102
34682,1,36512833
34690,1,7717325
34691,1,9698238
34720,4,41117106
34729,4,18945873
34739,10,40677476
34773,5,157903263
34785,7,29485846
34787,6,48202894
34816,6,28826864
34827,3,870974
34839,3,1353302
34842,3,441169
34844,3,25083884
34846,3,2339069
34873,3,20779249
34875,3,0
34880,3,20174929
34882,3,984041
34884,3,43665080
34886,3,41930663
34903,2,58832319
34926,2,15058602
34956,2,10430433
34996,8,84868801
35005,8,52419906
35523,11,43591579
35570,1,35614074
35657,5,49052755
35658,3,23406822
35670,8,52966629
36166,1,33088455
36176,8,51989488
36185,7,128746401
36190,6,114369065
36200,6,73545082
36212,7,139274333
36226,3,33603082
36227,3,188265
36239,3,26270554
36248,2,13250230
36249,2,7729631
36263,2,11785566
36268,2,7919818
36275,2,9766520
36300,2,7074211
36667,11,57740927
36722,3,17932623
36723,3,23228276
36987,11,44716600
37001,1,16800810
37003,7,39799077
37032,3,1106704
37040,2,6113107
37042,2,8415151
37046,2,9754804
37079,2,6974305
37080,2,8934364
37081,2,8780087
37083,2,13386742
37174,3,0
37176,3,22603112
37181,3,33642944
37190,3,43894712
37273,7,39512207
37293,3,1516185
37344,4,15333506
37546,1,30771063
37548,3,681203
37610,2,58126928
37627,4,20784039
37653,0,258223
38123,11,48110452
38162,11,102367546
38358,1,47600216
38397,2,7502583
38527,5,133660651
38618,3,20164558
38626,3,44626541
38654,2,72383770
38669,3,0
38674,3,3334152
38772,2,80426334
38775,3,33132839
38881,0,179304
38941,6,57762062
38942,0,155735970
39082,3,2485779
39086,3,1832504
39099,8,44361866
39107,3,658106
39432,3,49318697
39466,9,29667083
39617,2,9763742
39621,2,10024794
39638,2,13851182
39758,1,11455795
39961,2,13365282
39963,2,15307214
40077,10,18723102
40085,10,45189992
40151,3,542365
40217,2,9941379
40233,3,0
40366,1,9178162
40370,1,11034794
40674,3,2360234
40690,6,156474145
40692,6,105586042
40817,2,19629574
40818,2,7668455
40830,5,97833941
41101,11,66078400
41112,11,8472898
41139,11,163171662
41261,3,964762
41426,3,23629907
41427,1,5381279
41447,7,37640265
41882,0,162815
42026,1,28083794
42062,1,2993861
42100,3,23930749
42192,0,158324
42254,3,2208476
42275,10,25474324
42410,3,27254388
42415,3,2148799
42514,5,71177094
42526,5,62834161
42563,5,35188167
42636,7,89284191
42648,7,25381982
42839,1,2384658
42896,1,30117982
43041,1,3016815
43146,11,27953421
43151,1,2136411
43179,3,22905584
43256,6,160426115
43316,2,7605352
43321,3,1134842
43332,3,1953389
43455,2,8132815
43580,2,12391870
43689,7,79549333
43700,7,52295102
43777,3,906649
43780,3,723609
44316,2,27707842
44318,2,56813875
44394,2,11926537
44477,4,9755695
44489,2,50987989
44507,2,59322382
44668,11,57153026
44679,11,71889013
45264,0,237818
45351,0,52937139
45450,1,10002608
45479,3,37218300
45637,2,12211740
45779,10,25209423
45807,2,13165216
46245,1,33397862
46259,6,33524268
46513,2,10960082
46829,1,19183944
47180,3,838284
47230,3,21944429
47281,0,328449
47308,7,87785830
47314,1,28987351
47315,1,29785957
47692,2,8182966
47695,2,8594712
47969,7,73552773
48086,3,634856
48139,3,1771173
48155,2,16359033
48193,7,52280413
48278,2,7312286
48396,2,8235837
48397,2,8306774
48426,2,9983482
48427,2,18441060
48435,2,7434472
48560,3,21170554
48668,5,109923202
48681,2,20096362
48698,7,38157346
48699,7,34541062
48701,7,35782866
48709,11,31988548
48723,3,258444
48745,3,408868
48752,3,1165522
48849,2,9669593
48850,3,422662
48883,2,11805920
48891,2,9357415
50251,2,8849725
50390,11,105893033
50392,2,7668206
50402,2,8716714
50954,3,29336484
51154,3,974903
51298,3,31357370
51337,3,598960
51338,3,3563893
51342,3,2429386
51346,3,2208703
51355,2,28605422
51650,11,88253142
51655,10,54106166
51695,0,506959
51858,8,65116153
51900,2,8628917
51906,2,8496577
52224,8,60390281
52239,6,87874435
52612,11,39584438
52622,2,8038406
52644,2,7083294
52647,2,7469502
52653,7,61684907
52664,7,40926941
52719,1,68355251
52777,2,18949466
52904,7,22684917
53275,3,39667519
54017,2,7102677
54023,2,6555798
54059,2,6657566
54126,0,104667
54131,3,2056948
54133,3,942680
54180,3,29140334
54317,6,89411436
54343,6,74642493
54356,2,7451718
54359,2,7004640
54369,2,6386218
54374,2,8779389
54380,2,7383027
54383,2,6206376
54386,2,5955672
54508,2,5903918
54600,3,29725229
54601,3,28912697
54971,2,6244112
55057,9,55688659
55149,3,71822264
55544,2,106419733
55550,2,52635878
55661,2,7863934
56067,2,7476071
56068,2,7872765
56069,2,8039350
56086,11,57190187
56194,3,22403784
56258,2,6177125
56262,2,7319337
56311,2,7443469
56313,2,8346443
56343,2,7521358
56364,9,35645995
56622,4,19529165
56716,6,51008454
56723,6,81980192
56726,6,45781951
56798,3,39717480
57062,11,20140131
57068,2,6941422
57237,2,10218500
57240,2,9062247
57247,2,7910862
57397,2,7789809
57412,2,7852538
57421,2,8802136
57439,2,10270390
57737,3,50389345
57865,6,93524945
57926,0,65141135
58065,3,48273975
58069,3,1803821
58203,2,9639335
58323,5,135733342
58824,10,28644729
59463,3,57189931
59472,3,25640939
59474,3,690294
59476,3,766137
59479,3,42709283
59527,3,1412227
59534,3,19732045
59538,3,1635093
59542,3,32396328
59556,3,18218374
59729,2,16099159
59861,7,169170384
59894,2,1697583
59899,5,74878417
59916,1,45722264
60409,7,59866320
60468,2,9599490
60711,3,58351208
60746,3,24433156
61156,3,35772420
61221,8,53778344
61376,3,20892946
61379,3,305128
61383,3,21359867
61384,3,20562593
61388,3,33976187
61472,11,74983611
61474,11,78708556
61476,11,74224823
61478,11,80684956
61482,11,70047281
61484,11,76662076
61621,3,1090652
61622,3,2355538
61643,6,46633893
61819,7,53252880
61853,3,1467586
62018,11,42876603
62062,7,138341333
62324,1,41770355
62749,11,33112679
63121,8,237306
63155,7,71362034
63433,4,73970585
63434,4,32477385
63436,4,54563497
63976,10,28007016
63990,10,45648594
64144,7,35288869
64176,8,95036016
64278,2,10847865
64391,11,90529095
64459,10,41388268
64668,2,21740335
64717,3,21933428
64791,4,26711788
64793,4,34973898
64799,2,19320610
64802,2,9160086
64838,4,25386771
65476,8,48485027
65598,4,27866981
66420,10,6879074
66442,3,18341359
66444,3,20083265
66707,2,8387591
66713,0,139098
66913,5,76519022
67531,1,25316410
67533,1,29367865
67534,1,48009195
67767,4,16693048
67801,1,28341498
67830,0,156332475
68294,2,30304477
68408,3,31556472
68415,3,1035207
68464,7,35176812
68486,2,12618065
68497,2,9681008
69004,1,2539274
69234,7,50836164
69293,6,48668221
69297,3,15246453
69308,3,29426005
69311,3,20387396
69319,4,40829415
69332,0,1733544
69355,11,426900
69811,5,112536825
69820,9,26224744
70433,6,76634723
70687,3,157705
70778,0,87501
71006,3,2155658
71117,3,918118
71119,3,1486351
71854,3,24841327
72004,3,1546661
72105,6,124836748
72248,10,50641574
72267,4,23395194
72446,5,83208742
72542,3,24703768
72544,3,21479866
72781,4,26108043
72791,4,15709754
73157,1,22274380
73324,2,28256228
73327,2,8077866
73330,2,8402413
73333,2,11708106
73337,3,25004183
73917,1,28933869
74200,2,8575147
74533,3,21852144
74869,1,26173878
74873,1,10487182
74909,2,116779838
74926,2,77522333
74940,7,96523684
75152,4,71339194
75162,4,83106062
75169,4,86831147
75352,5,84004082
75366,5,97890008
75485,2,6721129
75864,2,9744057
75869,2,9758906
75917,4,24591243
76066,8,72786939
76193,10,33039087
76194,10,6884020
76198,10,6520043
76199,10,17452081
76206,10,24404027
76338,6,47679947
76340,6,38057387
76712,1,3807241
76717,3,20259887
76990,4,37241117
77115,7,61226800
77151,3,22659997
77166,11,25605203
77214,3,537259
77252,10,6548
77598,3,1172368
77932,3,41545990
78185,4,6204341
78217,2,8705297
78633,10,77296084
78897,9,94612741
79626,2,7860488
79627,2,14641989
79633,2,6819950
79643,2,8460777
79653,2,8263459
79684,3,1632264
79782,11,50603408
79784,3,33424388
79805,3,481682
80427,8,45174827
80765,11,10645219
80833,0,32023571
80966,7,63784450
80972,7,58199705
81572,3,27539111
81927,2,14746392
82127,3,19813274
82366,7,31774325
82595,10,29535045
82600,10,70987261
83376,2,4583380
83485,4,18118983
83487,10,8182220
83647,11,41144464
84645,5,164512681
84702,3,24150292
84834,2,22888123
85066,2,13567053
85069,2,9942462
85105,2,10905971
85120,1,22569817
85443,4,22658637
85444,4,26094754
85585,10,38623538
85660,4,22450366
86224,7,57474272
86971,4,46812114
86973,3,1859592
87175,2,26352404
87288,3,1071610
88005,0,96455252
88029,3,997418
88036,0,112191
88082,8,51890549
88087,8,81884554
88112,2,10022551
88201,7,65361156
88217,4,10763550
88501,4,33787694
88514,4,46510346
88531,4,50704078
88556,11,69133557
88686,1,58695854
88925,0,87723261
89197,0,110255694
89248,3,26867904
89386,2,7555741
89399,3,1876506
89462,3,213862
89632,3,1248563
89673,3,48663195
90247,3,49176241
90988,5,88905621
91212,0,123705691
91411,4,11207933
91422,4,27055173
91561,3,360682
91738,10,71487306
91739,10,57122996
91767,2,11004236
91951,2,21999961
92683,2,11629926
92688,2,8286161
93162,3,54046882
93163,3,50312158
93504,10,36504770
93934,2,8490826
94109,1,25048324
94128,4,8098373
94188,3,1011370
94232,6,73553657
94237,6,38451948
94827,2,5767255
94885,8,45109862
94893,8,53666634
94911,7,84085784
94953,6,34277856
94963,3,1148334
95170,0,83771172
95593,10,82064285
95620,8,48331151
95912,3,1717143
96440,8,109293937
96539,2,9369855
97097,2,9330259
97206,3,24123118
98310,0,166816
98964,2,19628422
99837,3,4013364
99882,2,9716615
99883,6,21367246
100190,7,37164687
100784,2,7583329
100819,2,7622428
100952,6,74919986
101364,5,109634516
101932,10,825911
103372,4,45961788
103600,3,54795886
103695,8,61825235
103765,1,17945347
103775,1,25754021
103933,4,30039034
103944,8,59597052
103956,2,10160977
104421,4,52867363
104447,10,52964856
104452,10,47149958
104460,10,35087651
104474,10,101884941
104476,10,48337291
104658,7,82847886
104688,1,57850952
105023,7,97733174
105785,11,46667155
106582,7,81397406
106734,2,113827023
107208,2,9000080
108405,2,13645350
108852,3,1735358
108858,3,1887244
108931,11,95479562
108974,4,24372810
109027,11,82319136
109280,7,47618826
109356,1,17268904
109478,3,2056896
109678,3,57087119
109905,6,88743635
110193,11,10928124
110368,10,34265798
110676,2,8095851
111784,7,41095148
111811,2,26643666
111838,3,30295640
111875,1,19069851
111881,10,43670623
111903,10,53682686
111917,10,31193210
111923,10,62650379
112262,3,17837456
112268,1,5003594
113103,11,47361197
113115,2,10341683
113330,10,153399304
113334,10,77393018
113540,7,42037956
113544,7,28286682
114276,2,7465964
114329,2,29857869
114331,2,7891524
114369,2,8244776
114398,11,117929
115081,4,32524253
115100,4,59307628
115357,11,148753272
115425,1,24885066
115618,2,7434971
116121,10,40869493
116126,9,163530804
116130,9,45160721
116150,10,61915875
116153,11,20072431
116960,3,41575384
117165,2,7484597
117534,11,62854
117571,0,8705
118141,7,34079922
118183,2,10060978
118200,2,11094409
118793,2,7786617
118797,3,382042
118798,3,0
118852,3,1784326
119488,6,66115571
119604,1,11401606
120794,2,11829273
121224,11,4031383
121488,0,499317973
121530,2,7831980
121554,0,127334394
121845,11,27097618
122231,3,21045743
123217,1,18482182
123683,7,91352720
123851,11,43237350
124412,10,22032307
125297,2,9580002
125878,8,87392266
125945,1,96862543
126373,7,63364931
126836,2,11506999
127322,10,1346437
127582,3,24757944
127929,2,16396971
128390,2,8637371
129108,7,112868880
129224,3,20098275
129397,10,16758741
130686,4,28487317
130704,4,14173465
130708,4,15557650
130825,3,17394340
132113,4,15047502
132243,1,22205981
132585,2,8832335
132908,3,23074423
133082,11,41795044
133901,11,25736950
134902,2,17637742
134920,6,46165893
135165,2,8080200
135168,2,10696845
135433,2,19982631
135441,2,9588290
135761,6,39689678
135764,6,45008580
135765,6,53853895
135921,11,5542014
135972,2,9114719
136037,11,28273436
137070,1,19013805
137072,1,10908695
137074,1,31569535
137078,1,22338065
137178,0,138250
137246,8,156431743
137355,1,22179845
137520,7,47990050
137541,2,8192488
137693,0,87239274
138070,10,67481954
139649,1,57791267
139677,1,27376857
139723,1,4489103
140453,0,94862
141832,0,121588
141839,2,6211623
142471,2,15195569
143287,3,1406918
143291,3,27803815
143292,3,2570604
143302,3,616998
143351,3,22788684
143606,5,228659021
143630,8,71632011
143722,11,30166169
143724,11,17249103
143735,11,49109089
143948,11,25517818
143950,11,52591918
143995,4,19994322
144034,4,29114636
144197,7,35544573
146810,6,23636454
146911,8,82548459
146921,7,48054884
148065,3,0
148594,2,22504442
148810,4,21300953
148989,5,55616050
150288,7,43501780
151541,10,48553313
151549,10,58028920
152616,10,12612311
153643,2,12779548
154130,1,3109364
154832,1,26910608
155063,5,74701544
155067,5,124632766
156170,2,9089080
156304,4,15267941
156561,2,10066618
156563,2,13918057
156759,2,23362430
156760,2,7899696
157728,0,136436
158441,11,27468666
158456,7,64903235
158624,11,87957767
158812,8,63416067
158814,2,0
159581,2,9128579
159646,8,61219120
160400,3,2586787
160708,6,69519029
160734,6,52118511
160748,0,61756211
160761,2,31107733
161013,11,21721945
161453,7,48369959
161584,7,36777461
161590,7,56477023
161649,2,8213399
161653,2,8116772
161742,2,6066082
161767,7,81200659
161770,10,41817581
163118,7,52233420
163134,6,66227989
164674,2,15775524
165858,10,22665560
166361,11,62749466
166423,4,12550495
166741,7,53221493
168631,10,66803025
170555,11,79420020
170557,11,75583000
170625,1,2517404
171122,3,1188339
171585,10,36776446
171594,10,40069768
171605,10,33396386
171736,6,38728666
171913,10,6544827
171915,10,6821590
171916,10,7748763
171917,10,15207698
171918,10,5005250
172413,2,8185998
172684,2,7591773
172689,2,6628538
172690,2,7298933
173247,7,73780037
173321,7,41924789
173339,7,36300938
174628,1,52424297
174822,9,37285749
175120,2,9624323
175131,2,8873806
175529,2,7680918
175774,5,48354488
175797,5,52879690
175798,5,84423468
176013,2,20470303
176015,2,18323048
176024,2,7508966
176039,2,6423748
176057,2,7213647
176066,2,22300348
176074,2,8495039
176115,3,2432559
176938,2,6718666
176943,2,7843971
177089,11,12506769
177155,2,36945619
178035,4,33148128
178133,0,108580301
179674,9,29657255
179676,1,15558730
181096,2,24683090
181099,2,7588780
181119,2,9811507
181461,7,67156711
181472,7,155297692
181631,2,10981729
181839,2,7772642
182669,3,1298851
182895,2,6829479
182897,2,8888276
183150,7,44905284
183418,4,4312655
183661,3,23093688
183749,3,4218603
184059,4,13576758
185453,3,2533132
185578,1,855503
186443,2,19837334
186474,3,22002539
186990,3,1702872
187106,2,7606729
187382,2,6438399
187383,2,9449959
187437,2,10404859
187451,2,10367729
187685,11,1830693
187695,11,34703526
187706,11,34577027
188133,7,36078213
188135,7,36989835
188136,7,28718635
188344,2,7840813
188379,2,7811867
188791,7,39236953
189058,3,664190
189258,1,12997585
189513,11,89673418
189839,11,8402511
189913,10,201200047
189979,1,41990869
190295,2,8717090
190331,10,43005577
190356,10,49602936
190661,2,7470164
190676,2,31159034
191398,10,49308797
191418,10,77212199
191431,3,23286137
191816,3,20034406
192404,3,25907428
194338,2,10350011
194366,5,83113649
195168,11,149618773
195172,11,69068670
195615,7,41799680
195821,7,50980200
195883,11,27076348
197043,11,42095985
197152,11,13285952
198433,1,5848904
198635,1,161543593
198719,1,16065757
198806,2,8372375
198938,2,36331864
198940,2,11230937
199890,1,7528418
199937,4,78355384
200407,4,8132379
201329,2,9354545
201502,1,31623781
201766,11,105829774
202137,11,110482369
202456,11,22191932
202533,11,199390
202808,4,6471226
202946,2,7718777
203781,10,165136962
203782,10,57931211
204567,1,13806440
205130,7,51989889
207598,3,126709
207624,4,21450519
207636,4,12247141
207650,4,79462992
207806,4,89481654
208069,2,10320470
208073,2,8253443
208333,7,65890575
208481,4,2997209
208972,3,2715143
208979,4,56223669
209166,5,49436761
209618,2,18098509
209779,2,10563611
210139,7,44577644
210632,7,55097929
210647,3,655173
210652,3,174383
210855,6,86746683
211228,4,15108583
211598,2,11911382
211916,2,8291354
211967,2,10286581
214171,9,54836517
214277,9,48806238
214431,6,50049377
214438,2,8108985
214486,6,67540627
214514,3,2494208
214812,6,50274491
215358,6,61311746
215402,7,0
216125,0,77027865
216574,2,7059092
217165,11,71078
217217,4,23697341
217443,4,21629418
217634,11,91627788
218760,10,57529172
219539,1,39624439
219545,5,70192287
219594,2,13274779
219595,2,5545576
219809,4,47349646
219812,4,16921096
219896,0,146989249
220873,0,127031
221966,2,8623895
222816,4,16077947
223228,11,29094873
223781,2,17639637
224129,11,45789983
224669,2,10217826
225387,6,43745660
225398,2,7325307
225400,3,0
226149,1,89598964
226151,1,191232928
227169,2,8833229
227182,2,7403144
227184,2,7127620
227192,2,7507848
227226,2,6491057
227228,2,7507941
227532,10,52894727
227619,11,6551441
228250,6,47072335
228252,6,51369149
230833,3,1200878
230844,3,25560294
233158,10,58986775
234690,3,2886848
235516,11,14617478
235915,3,21498592
236788,9,32823416
236850,1,86665932
236851,1,72162889
237420,2,9372583
237433,2,10263911
237438,2,9624009
238572,10,103672844
239371,2,9767610
239386,2,9539337
240154,6,30110754
240159,6,83606123
240162,6,24856383
240163,6,27115728
240201,2,7680560
240206,2,6591396
240209,2,6412246
240729,2,12764802
240832,7,21197763
240869,1,40183467
241271,6,59490147
241346,6,31262516
241437,2,121967230
241442,5,40469420
241585,2,8573868
241587,2,12905575
242068,5,159815316
242267,10,47600017
243059,2,7348430
243314,2,8904410
243708,7,42659607
243888,2,6456992
244254,1,13897858
244447,7,19331889
244518,7,53590282
245042,2,11475336
246437,3,1385643
246452,4,84821300
247415,11,105943749
247671,2,1171252
248309,10,5367778
248310,10,46550851
248311,10,7802726
248312,10,8065355
248313,10,4577220
248314,10,4774579
248454,11,90380100
249251,10,7086281
251359,2,57300024
252295,10,46213713
252483,11,14348542
252671,0,386662
252798,2,7987223
253017,0,135676997
253715,4,34278179
254363,9,31400046
254446,2,9289984
254448,2,7860031
254528,2,7168247
254539,2,7079594
254552,2,7264860
254557,2,8239433
254575,2,6907384
254652,2,8832075
256136,0,136059
256693,2,14171651
257627,0,29038591
257759,11,198397686
257818,2,10663580
257879,3,27203068
258930,3,3304954
259920,8,93517599
260615,2,89475521
260767,5,132774851
260995,8,88068822
261741,3,42488103
261815,4,38356147
262131,2,7513599
263140,1,19312956
263933,10,72367787
265386,10,81423563
265454,10,4021692
265458,1,13913584
265632,2,8540769
266360,2,7151650
268709,10,134726431
269057,7,28726569
269412,2,10100259
270466,10,50976102
270525,4,20517032
270528,4,23440095
270529,4,41170088
270537,7,66287051
271503,6,42625770
272121,3,19665919
272628,10,57666184
273407,1,72719072
273409,1,76660426
273748,11,137379
273928,11,66394611
274613,11,119363773
274622,2,25423679
278164,5,81850592
278856,10,18932205
279965,2,7678718
279966,2,8865361
282391,10,41846404
283035,6,80065670
283848,10,49730831
283855,10,50146700
286419,3,29675537
286706,11,78185967
287016,2,8230246
287197,10,61734998
287375,10,49703134
290523,6,64229290
291302,3,19425895
291688,10,60781998
291819,5,82570601
292152,4,16386061
292154,4,20185059
292155,4,23030220
292159,4,20061377
292309,11,75040301
292402,1,3205436
293821,6,75024111
295700,11,107965729
296741,2,14767153
297284,3,23420474
297711,2,12766897
298831,2,9869475
299123,2,10044861
300111,4,52551665
300306,7,109504085
300413,6,65782202
300877,3,43676144
301037,10,59952069
302047,7,28279999
302098,3,1247795
302527,2,6140511
303304,2,26621486
303518,7,41773630
304459,6,70784954
307491,11,20220418
307492,11,20166424
307507,0,47600
307658,4,59041772
307955,5,78283391
307959,5,138182373
307972,8,159693
308060,2,9224972
309970,4,16932124
310279,4,51915734
310282,4,53024708
310352,3,45696529
310571,6,99552473
310712,3,28738739
310713,3,1645882
310714,3,1104203
310752,3,23301497
310794,10,27528584
310795,10,17450927
310899,0,155230
310915,5,59859416
311356,2,9723588
311401,2,13716730
311790,3,140436
311874,4,83344425
311890,2,7846328
311895,2,8173811
311897,2,7078887
311901,2,7876559
312124,2,8397584
312236,1,72020371
313498,0,67497904
314146,3,1957872
314147,3,72751
314293,3,7310787
314295,3,1571588
315492,6,30423170
315563,1,2692379
315576,1,4731940
320037,9,121943568
321084,2,8330954
321398,2,7763384
321403,7,65032422
322563,7,84584032
322582,2,10613108
323312,1,107358687
323313,1,102011746
323379,3,602421
325343,2,7689935
325643,11,99882673
326083,3,1398158
326594,4,3284514
327003,5,54818170
328815,2,24926949
329620,3,552992
330464,3,2308973
331036,3,23335553
331333,10,56803467
331713,4,32269346
332384,11,14623515
333673,2,56123217
334116,10,21857639
334908,6,48314892
335091,2,8129334
335395,2,57856318
335469,9,41358936
336983,3,25033219
337173,2,9877410
337444,2,8895593
337641,5,64574031
339999,3,20789229
340076,3,1265104
342381,2,8300885
343691,1,140250796
345155,2,21391957
345164,2,6969474
345258,2,13694201
345573,2,11651782
346610,4,5780134
346838,11,44068593
347359,11,51486242
348688,11,103307520
351381,4,78994180
354439,11,32584198
355587,11,24940474
355685,8,58535277
357074,2,8437271
358128,3,24630888
359927,1,9750157
360224,2,9677143
361644,5,157916469
362091,4,44729995
363769,2,9417846
364589,2,14587735
365059,5,51780277
366454,2,7103708
367368,2,49321416
367763,0,91273
369605,2,8021627
369639,5,90896186
370040,7,79341321
370605,11,121826191
371907,2,17316394
371916,2,19375179
371919,2,11491013
372326,2,11038274
373995,5,70513221
374264,1,69891798
374458,11,23330603
375764,7,128470879
375941,0,76369
376895,7,41346738
376913,3,359645
379532,3,1583446
381031,2,8535199
381198,2,7847926
381881,2,11841756
382315,2,9553839
386614,8,60607113
390379,7,86178950
391180,3,22671740
391341,2,90441273
395515,4,15392275
395520,4,28042775
395565,4,13371442
395577,4,10386142
396416,4,14275445
396775,6,52856696
400187,10,4972
405009,10,37859997
407821,11,169141
409849,7,37905158
411798,4,30215778
411963,9,121912733
414846,1,118236629
414876,1,112767703
415028,2,18157879
415978,3,43690255
417921,6,48374723
419612,3,644829
419690,2,9386725
421273,4,14338983
422203,5,70600889
423510,9,49529073
424585,3,19872461
425635,2,16063494
425643,2,7756525
428466,8,177051966
432164,7,22055673
433405,6,45058395
433684,6,37176704
433685,6,41008795
435138,7,37302178
435218,7,39308330
437484,11,1264528
437488,10,94331309
437493,11,84239935
438506,11,95055913
439324,3,21546078
439328,3,21071742
439704,2,17100508
441047,10,7686395
441215,3,21027018
441366,7,146118118
441696,2,8436203
441894,2,6581820
441921,4,58279252
441929,4,21995343
443853,4,17463585
444401,4,57754092
445787,8,93855200
447135,3,58037451
447833,10,60407239
448029,6,59982095
449367,2,7913004
449384,2,9458762
449594,2,7778303
450177,2,6643115
451385,2,9315702
452646,3,30332748
452695,4,31135560
454923,4,95109972
456388,2,9580852
456900,4,38894760
458187,2,7721346
458190,2,6621402
458196,2,7178996
460826,4,21456827
461220,2,7841394
461239,2,7818003
461245,2,8098344
462259,1,9373832
463165,2,7241537
466727,11,24685025
467030,2,11419604
467774,10,46831482
468512,2,7516449
468822,1,73962059
469796,3,24158972
470939,11,73158178
471704,4,63870104
471713,2,6768418
472368,0,392388883
473156,0,6890359
473952,4,18727419
473964,2,7852772
478635,2,15601878
481813,2,14680316
482537,3,3366986
483260,11,41124242
483950,11,74386017
486640,4,64888972
488313,2,37316479
491861,3,60945465
493209,4,43996641
494514,3,1120510
495162,2,9445341
495550,5,128648782
499227,1,8006256
500656,4,36114487
506608,11,46270616
507594,2,7776099
516756,4,29738432
519845,2,50616148
520822,4,42047679
520884,10,24574665
522836,10,98890578
522848,10,35011550
527827,8,100117526
531929,4,59499787
535359,4,18468381
538958,10,32445893
543379,4,41381244
544895,10,4914080
545262,2,10790226
547948,2,31514291
548553,11,56220675
552050,11,38828892
555264,2,12945378
559131,11,111587477
559696,1,48318128
561572,4,17749210
564181,3,28282579
568069,1,4067915
569040,1,53620708
569046,1,81904387
571890,2,8155088
573617,10,972193
576317,1,106708790
577407,10,15070697
586833,7,132244282
589841,2,8260836
591002,4,21981066
591936,3,1378478
594049,1,37612079
596942,1,55924818
597209,4,20755951
597456,4,27818752
600709,4,23394423
601510,4,25846399
602585,4,22850291
602633,4,33502848
602636,4,22988117
602682,4,28761878
602698,4,28736528
609295,4,29659700
610380,4,64813015
613196,1,99888136
613905,4,85660714
614051,2,8816219
614101,11,112174696
614211,11,99545674
623740,5,78826657
623744,5,55514316
625136,4,60998421
626378,2,7400023
627230,0,199973
628798,4,16940195
629358,11,74863583
629360,11,82699921
631328,1,170647986
644661,10,29532125
649802,2,26801633
650015,2,20423892
653684,1,119414378
658922,2,11771780
662956,11,94970071
667144,2,12876780
667154,2,10672704
667186,2,7036407
670337,2,10799440
670352,2,20995817
670355,2,8879969
670356,2,7739134
670595,1,127760357
680683,10,24338595
681192,2,27497202
684658,4,39540473
685728,8,39370512
686327,0,227377
686820,4,13345604
687455,3,36097716
688445,10,47426494
689058,9,133997161
690910,9,41694310
691633,10,48194181
691651,10,12203826
692089,10,105140750
693967,11,47022977
702717,10,51692030
703304,0,104722508
708063,9,40071820
714620,4,60777195
720584,2,8038926
720586,2,7594648
721137,10,35542077
721163,10,32249412
722662,10,42443088
722673,10,37375084
742174,11,15448597
743375,4,13722745
748215,10,64821021
748366,5,123735432
753189,9,121312609
753202,9,121493167
753204,9,32321742
753214,10,51471310
753216,9,136251398
758706,10,77430559
765876,11,672002
767470,11,77046444
797021,2,11667635
797374,4,8785959
861768,7,146519475
863708,4,8008916
874455,9,49082264
874463,2,7553455
875880,9,101006189
875881,9,48297094
875883,10,56782984
875884,9,85487325
875885,9,55644482
876063,10,40232664
876679,3,3050937
878968,11,108596611
880429,0,99810231
881300,3,45399383
881891,4,21913252
882753,6,35070361
884340,10,833156
884341,10,896359
884342,10,7377135
885580,3,1472808
886794,2,8112032
889801,2,10675739
904206,2,52973502
909773,4,52789561
909778,4,34017829
909788,4,27761876
928822,1,42330847
931557,11,82441879
932028,2,8591510
932674,2,7493451
933632,8,59663981
934813,10,25865463
934828,10,45170472
934829,10,49301930
934839,10,23554898
934840,10,56045538
934876,10,36844334
934882,10,43695886
934915,10,32641934
934940,10,47725484
935657,4,30464844
938171,9,25398228
938226,9,44001246
938238,9,39366183
938393,7,64545321
941984,7,77256808
946358,7,47181703
979223,2,7241137
980415,8,56191129
987013,10,63065255
987419,9,61792289
987424,9,74442164
987431,9,82206666
987449,9,27085737
987859,9,41467644
987866,9,56155676
987872,9,74263754
987877,9,39230907
987893,9,38638527
987895,9,37752183
987902,9,52115576
987925,9,61168745
987935,9,45224515
987943,9,89264149
987953,10,35568123
987977,9,47601008
987983,9,57025965
987985,9,165184229
987995,9,48657605
988018,9,16132090
988019,9,19189202
988025,10,55686499
988041,9,118791544
988049,9,183214551
988056,9,45648385
988071,9,164750673
988081,9,99630925
988106,9,70400046
988125,9,62584011
988174,9,64223398
989769,10,68268172
990972,7,73777
997540,9,70529512
997545,9,84505990
997551,9,78759348
998830,10,12680327
1026970,3,4511683
1027985,3,17635143
1041015,1,30053808
1041416,3,3678441
1047088,3,56215359
1049336,11,35263828
1086592,4,11785350
1088058,3,21508384
1088131,3,25904911
1094192,2,13738339
1096077,1,126030856
1100915,10,94171712
1100916,10,192643388
1100963,10,90172814
1101027,10,70296271
1101063,10,54935039
1101072,10,157543877
1101095,10,63498732
1101106,9,72826385
1101110,10,38875814
1108569,10,28258736
1109041,2,8698955
1109111,10,981735
1116483,10,5877030
1118519,2,6503040
1118524,2,7714432
1118560,2,7102693
1118748,2,7261443
1118817,2,7407734
1124515,1,47136090
1124558,1,111624471
1126389,4,23139065
1132045,11,88761030
1142201,5,145583736
1155016,11,31665313
1160851,2,9457735
1160894,2,7974695
1167272,4,43377027
1172129,4,43297020
1187130,2,9835455
1190790,4,55508831
1190802,4,62736796
1194336,3,44732588
1195655,0,80355
1196302,2,17308439
1203425,6,46267782
1206372,1,53794647
1207006,10,6151854
1207007,10,6409074
1210411,0,98283686
1210413,0,111304987
1218281,10,156150165
1218682,2,10778032
1219171,1,148383617
1220523,2,9035523
1221322,7,64538688
1226616,1,126752015
1230840,3,50783301
1234261,0,75537
1234273,5,72679603
1240228,2,20366792
1248972,11,5408622
1250792,7,140242400
1262321,1,82596074
1266490,1,94779989
1270216,11,11858527
1271742,10,50410682
1275487,8,49953372
1291243,11,36952822
1291435,0,119567938
1295211,11,17628846
1323832,2,6368827
1328070,3,39415888
1333648,6,30534383
1337163,9,82371138
1347786,2,7107739
1352479,1,87967767
1352481,1,14402744
1352770,2,8355768
1365757,7,48640184
1371681,10,77994697
1373157,10,79705468
1381582,2,9334925
1387126,11,13431549
1411666,4,42706171
1415580,8,86603410
1419289,4,26152468
1419345,2,8844136
1437010,3,57669
1437190,4,40574574
1437191,4,30523812
1453894,3,6126447
1463675,2,5986802
1463973,2,9265827
1477025,10,62586415
1485138,2,83759339
1486046,1,71930197
1492673,0,68464636
1496133,3,22289454
1497538,3,1326951
1497555,2,28469658
1501341,10,5239342
1507135,4,37604146
1511221,11,92908611
1518534,1,27890496
1519100,11,8317571
1530245,10,65441631
1534307,7,34121121
1535445,11,118179591
1549196,2,8453539
1553677,11,128294489
1559960,0,9343509
1560151,10,33368423
1564486,2,11146466
1566151,2,14307162
1569773,11,27567464
1572043,5,77121649
1572519,1,75211843
1577614,1,23850600
1577615,1,18505052
1577616,1,19535036
1577617,1,37007834
1577620,1,5396279
1577623,1,40368348
1577624,1,23434549
1579337,2,70976
1582032,1,11412757
1582913,5,75454308
1588158,1,43931385
1594222,10,53975936
1594226,10,108772800
1594250,10,86715912
1594315,10,193899901
1594321,10,46751045
1594354,10,36402237
1594453,10,100175619
1594786,5,69078801
1604048,2,12439151
1606681,5,64617131
1608454,5,149585496
1608482,3,20544337
1608915,10,7925038
1608916,10,8907299
1608923,10,0
1608924,10,5366291
1629725,11,67485361
1661398,11,31027637
1666818,10,32757289
1667466,4,27151946
1676925,7,42889074
1717472,1,7205907
1747188,7,42801182
1756245,10,8621963
1756246,10,6611056
1758121,2,6646673
1765738,11,19162589
1778380,6,29528815
1825980,2,67188440
1840514,11,1772725
1841481,7,32135321
1857951,10,76647929
1857961,9,51288335
1868482,3,66602394
1869276,4,10289361
1869501,10,81679977
1869985,10,81338469
1870430,9,55241194
1870435,10,100917983
1870436,10,116377248
1871131,1,10270569
1875375,10,18267877
1882922,10,26109301
1891344,11,41468903
1897488,11,79344694
1906353,3,29860979
1918221,1,88452089
1918310,1,66059499
1922239,4,87446090
1935872,7,0
1948886,2,9402757
1961834,2,7210767
1962788,11,26484687
1973248,3,2050929
1977171,2,5328612
1977532,10,43082114
1982067,5,53071540
1983282,11,74361082
2004999,4,36187752
2006714,4,35400787
2006715,4,40738370
2010996,10,38904598
2010997,10,44144240
2014036,11,46889815
2015173,4,21584898
2024865,4,26755586
2026947,0,698810
2038154,11,88118178
2052820,2,10703176
2059683,6,0
2065413,11,56992507
2069292,11,77876569
2069564,3,292185
2164160,4,18204598
2201626,10,30914442
2249760,4,35678417
2282171,3,41288632
2302820,4,88597974
2303995,7,37544032
2340998,3,30780737
2448451,4,19409848
2478892,2,10648830
2485327,2,10409590
2487776,11,40253096
2489341,2,10697436
2492375,9,71063827
2494418,1,15955243
2495015,4,14084465
2495085,4,30914660
2495127,4,32277827
2495534,2,8387519
2498840,2,17419995
2499240,6,109448114
2508170,3,21791119
2518271,2,8960590
2518323,7,43880754
2529409,2,5482341
2546036,7,91073376
2558925,10,27284620
2561016,10,161282691
2562068,4,14394668
2581075,11,3048783
2583951,11,1905297
2583954,11,4977766
2584527,11,8151867
2584528,11,1837858
2585810,2,8889107
2585812,2,8635864
2585813,2,5193978
2585814,2,4731503
2585815,2,14279360
2585816,2,7310725
2585818,2,8398323
2585820,2,10273769
2585822,2,6716529
2587831,2,96757543
2589376,0,89801230
2593467,2,11932895
2654888,11,66096722
2663927,1,60871115
2663966,11,29220809
2668079,2,11314626
2691554,7,101842835
2705178,4,39523898
2714349,1,56040863
2715852,3,24561420
2717088,2,8233248
2723871,2,7977620
2740528,3,23023642
2741128,1,18527984
2743709,5,104929
2767082,2,24718309
2795564,10,85054488
2795567,10,34039243
2795671,1,82207078
2795680,4,54649454
2795693,10,24968249
2796247,3,20014161
2817044,4,96944599
2822343,4,85892092
2829445,1,92037435
2830794,0,118437
2871759,7,45578763
2879419,0,12133380
2893758,2,40570341
2916761,2,35501406
2917703,8,61200099
2918886,3,28486705
2919650,7,57493190
2920201,7,104251647
2920202,7,55817305
3044,0,0
3052,0,0
3143,0,0
3246,0,0
3450,0,0
3511,0,0
3749,0,0
3984,0,0
4459,0,0
4473,0,0
5790,0,0
5800,0,0
6109,0,0
6127,0,0
6223,0,0
6237,0,0
6251,0,0
6288,0,0
6338,0,0
6452,0,0
6463,0,0
6548,0,0
6564,0,0
6578,0,0
6595,0,0
6612,0,0
6643,0,0
6668,11,0
6740,11,0
6849,11,0
6972,11,0
6977,11,0
6996,11,0
7003,11,0
7008,11,0
7028,11,0
7037,11,0
7043,11,0
7045,11,0
7053,11,0
7060,11,0
7063,11,0
7066,11,0
7069,11,0
7083,11,0
7090,10,0
7101,9,0
7106,9,0
7110,9,0
7112,9,0
7115,10,0
7118,10,0
7126,10,0
7129,10,0
7136,10,0
7140,10,0
7145,10,0
7367,1,0
7372,1,0
7374,1,0
7377,1,0
7382,1,0
7396,1,0
7397,1,0
7405,4,0
7415,4,0
7419,4,0
7424,4,0
7431,4,0
7440,4,0
7443,4,0
7451,4,0
7456,4,0
7459,4,0
7461,4,0
7490,4,0
7502,11,0
7514,11,0
7521,11,0
7535,11,0
7538,11,0
7601,8,0
7608,8,0
7610,8,0
7756,8,0
7763,8,0
7829,8,0
7866,8,0
7901,7,0
7912,7,0
7916,7,0
7931,7,0
7935,7,0
7949,5,0
7956,5,0
7961,5,0
7963,5,0
7993,5,0
7997,5,0
8004,5,0
8009,7,0
8016,7,0
8028,7,0
8041,7,0
8048,7,0
8055,7,0
8072,6,0
8077,7,0
8080,7,0
8082,7,0
8089,7,0
8098,6,0
8102,6,0
8121,7,0
8139,7,0
8145,7,0
8152,7,0
8155,7,0
8158,7,0
8160,7,0
8163,6,0
8166,6,0
8174,6,0
8176,6,0
8186,7,0
8189,7,0
8190,7,0
8207,6,0
8217,6,0
8234,7,0
8254,7,0
8266,7,0
8283,5,0
8295,8,0
8363,8,0
8383,8,0
8464,2,0
8466,2,0
8468,2,0
8474,2,0
8476,2,0
8479,2,0
8485,2,0
8495,2,0
8500,2,0
8507,8,0
8518,8,0
8523,8,0
8556,8,0
8565,8,0
8612,8,0
8627,8,0
8638,8,0
8661,8,0
8672,8,0
8683,8,0
8721,8,0
8728,8,0
8739,8,0
8772,8,0
8786,2,0
8789,2,0
8796,2,0
8801,2,0
8804,2,0
8806,2,0
8821,2,0
8828,2,0
8835,2,0
8842,2,0
8850,2,0
8852,2,0
8855,2,0
8867,2,0
8883,2,0
8896,2,0
8904,2,0
8911,2,0
8918,2,0
8927,2,0
8931,2,0
8946,2,0
8952,2,0
8956,2,0
8962,2,0
8965,2,0
8968,2,0
8985,2,0
8995,2,0
9001,2,0
9004,2,0
9008,2,0
9013,2,0
9030,2,0
9048,2,0
9053,2,0
9062,2,0
9087,2,0
9090,2,0
9102,2,0
9114,2,0
9120,2,0
9131,2,0
9134,2,0
9154,2,0
9159,2,0
9162,2,0
9165,2,0
9168,2,0
9171,2,0
9174,2,0
9181,2,0
9182,2,0
9184,2,0
9186,2,0
9190,2,0
9207,2,0
9212,2,0
9217,2,0
9221,2,0
9225,2,0
9227,2,0
9232,2,0
9235,2,0
9237,2,0
9239,2,0
9243,2,0
9247,2,0
9251,2,0
9254,3,0
9257,3,0
9282,3,0
9304,3,0
9336,3,0
9350,3,0
9353,3,0
9357,3,0
9360,3,0
9364,3,0
9370,3,0
9374,3,0
9379,3,0
9394,3,0
9401,3,0
9406,3,0
9412,3,0
9416,3,0
9422,3,0
9425,3,0
9429,3,0
9432,3,0
9434,3,0
9437,3,0
9446,3,0
9459,3,0
9469,3,0
9486,3,0
9499,3,0
9504,3,0
9506,3,0
9513,3,0
9520,3,0
9529,3,0
9533,3,0
9537,3,0
9539,3,0
9542,3,0
9554,3,0
9564,3,0
9567,3,0
9570,3,0
9578,3,0
9592,3,0
9596,3,0
9599,3,0
9611,3,0
9621,3,0
9623,3,0
9625,3,0
9639,3,0
9642,3,0
9645,3,0
9648,3,0
9656,3,0
9658,3,0
9663,3,0
9665,3,0
9671,3,0
9677,3,0
9679,3,0
9682,3,0
9688,3,0
9703,3,0
9706,3,0
9710,3,0
9712,3,0
9714,3,0
9717,3,0
9724,3,0
9729,3,0
9732,3,0
9738,3,0
9741,3,0
9748,3,0
9751,3,0
9753,3,0
9757,3,0
9759,3,0
9763,3,0
9766,3,0
9776,3,0
9782,3,0
9784,3,0
9789,3,0
9800,3,0
9804,3,0
9806,3,0
9812,3,0
9817,3,0
9822,3,0
9832,3,0
9836,3,0
9839,3,0
9847,3,0
9851,3,0
9855,3,0
9857,3,0
9859,3,0
9869,3,0
9871,3,0
9872,3,0
9882,3,0
9885,3,0
9890,3,0
9893,3,0
9894,3,0
9896,3,0
9898,3,0
9900,3,0
9903,3,0
9918,3,0
9922,3,0
9926,3,0
9935,3,0
9944,3,0
9954,3,0
9957,3,0
9969,3,0
9973,3,0
9977,3,0
9980,3,0
9984,3,0
9992,3,0
9996,3,0
10001,3,0
10016,3,0
10022,3,0
10028,3,0
10035,3,0
10040,3,0
10043,3,0
10046,3,0
10049,3,0
10053,3,0
10059,3,0
10067,3,0
10084,3,0
10114,3,0
10136,3,0
10140,3,0
10148,3,0
10151,3,0
10156,3,0
10159,3,0
10165,3,0
10168,3,0
10180,3,0
10182,3,0
10184,3,0
10199,0,0
10222,8,0
12929,2,0
12945,2,0
12956,4,0
13012,5,0
13038,3,0
13113,2,0
13122,9,0
13123,9,0
13124,3,0
13145,2,0
13149,3,0
13163,11,0
13171,1,0
13179,2,0
13213,2,0
13231,11,0
13239,2,0
13244,2,0
13248,11,0
13261,11,0
13390,4,0
13396,8,0
13436,0,0
13488,6,0
13513,3,0
13615,3,0
13633,9,0
13685,4,0
13745,2,0
13778,0,0
16718,0,0
18794,0,0
23204,0,0
27520,4,0
27529,4,0
27605,3,0
27609,3,0
27621,3,0
27641,3,0
27659,3,0
27671,3,0
27686,7,0
27694,5,0
27703,5,0
27705,6,0
27726,7,0
27772,7,0
27793,2,0
27834,0,0
27922,0,0
28376,8,0
28609,1,0
28644,4,0
28651,4,0
28653,4,0
28688,2,0
28695,2,0
28712,2,0
28715,2,0
28723,2,0
28729,2,0
28732,2,0
28736,3,0
28741,7,0
28779,7,0
28817,7,0
28828,7,0
29044,4,0
29052,4,0
29054,10,0
29056,10,0
29075,3,0
29077,3,0
29079,3,0
29083,3,0
29090,3,0
29136,3,0
29138,3,0
29143,5,0
30060,1,0
30075,11,0
30079,11,0
30087,11,0
30204,4,0
30223,10,0
30316,8,0
30356,8,0
30384,2,0
30396,2,0
30409,2,0
30418,2,0
30420,2,0
30424,2,0
30453,2,0
30454,2,0
30460,2,0
30467,2,0
30539,3,0
30550,3,0
30554,3,0
30597,3,0
30600,3,0
30610,3,0
30636,3,0
30639,3,0
30727,5,0
30799,6,0
30992,5,0
31032,6,0
31141,8,0
32280,1,0
32307,1,0
32310,1,0
32320,1,0
32335,1,0
32348,1,0
32349,1,0
32350,1,0
32351,1,0
32352,1,0
32353,1,0
32354,1,0
32356,1,0
32357,1,0
32358,1,0
32367,1,0
32378,1,0
32386,1,0
32388,4,0
32390,4,0
32459,7,0
32535,3,0
32641,2,0
33154,0,0
33213,0,0
33411,10,0
33413,9,0
33419,10,0
33424,10,0
33431,10,0
33465,10,0
33508,0,0
33527,7,0
33551,3,0
33561,3,0
33583,2,0
33592,2,0
33597,2,0
33600,2,0
33611,2,0
33615,2,0
33617,2,0
33789,7,0
34555,0,0
34619,11,0
34681,1,0
34699,4,0
34717,4,0
34740,10,0
34767,8,0
34772,5,0
34786,6,0
34788,6,0
34815,6,0
34820,6,0
34826,3,0
34841,3,0
34843,3,0
34845,3,0
34872,3,0
34874,3,0
34879,3,0
34881,3,0
34883,3,0
34885,3,0
34891,3,0
34902,2,0
34995,8,0
34999,8,0
35547,2,0
35569,1,0
35571,1,0
35729,6,0
35939,0,0
36165,1,0
36184,7,0
36189,6,0
36199,6,0
36211,7,0
36242,2,0
36262,2,0
36266,2,0
36271,2,0
36274,2,0
36283,2,0
36292,2,0
36298,2,0
36304,2,0
36801,3,0
36986,11,0
37028,3,0
37029,3,0
37031,3,0
37038,2,0
37041,2,0
37044,2,0
37049,2,0
37077,2,0
37082,2,0
37175,3,0
37178,3,0
37180,3,0
37189,3,0
37343,4,0
37442,3,0
37533,0,0
37613,2,0
37852,4,0
37853,10,0
37858,0,0
38116,11,0
38122,11,0
38157,11,0
38396,2,0
38526,5,0
38617,3,0
38625,3,0
38667,3,0
38771,2,0
38880,0,0
38940,6,0
39081,3,0
39083,3,0
39156,8,0
39193,6,0
39465,9,0
39616,2,0
39620,2,0
39757,1,0
39959,2,0
40037,10,0
40076,10,0
40084,10,0
40098,10,0
40102,10,0
40150,3,0
40157,2,0
40213,2,0
40232,3,0
40255,0,0
40364,1,0
40829,5,0
40931,11,0
41013,10,0
41098,11,0
41100,11,0
41111,11,0
41138,11,0
41260,3,0
41425,3,0
41665,0,0
41809,1,0
41812,1,0
41881,0,0
42163,8,0
42274,10,0
42295,10,0
42298,10,0
42414,3,0
42476,0,0
42513,5,0
42520,3,0
42525,5,0
42562,5,0
42634,7,0
42647,7,0
43086,4,0
43150,2,0
43158,2,0
43162,2,0
43164,2,0
43255,6,0
43315,2,0
43331,3,0
43386,1,0
43464,2,0
43581,2,0
43699,7,0
43779,3,0
44045,1,0
44049,1,0
44050,1,0
44052,1,0
44317,2,0
44387,2,0
44397,2,0
44488,2,0
44499,2,0
44505,2,0
44525,2,0
44533,1,0
44535,1,0
44537,1,0
44539,1,0
44541,1,0
44542,1,0
44547,1,0
44550,1,0
44552,1,0
44556,1,0
44662,11,0
45057,11,0
45059,11,0
45350,0,0
45449,1,0
45478,3,0
45636,2,0
45640,2,0
45782,6,0
45806,2,0
46509,2,0
46512,2,0
46786,0,0
46877,1,0
46903,2,0
47144,6,0
47307,7,0
47309,7,0
47691,2,0
47694,2,0
47699,7,0
47732,4,0
47766,9,0
47832,1,0
48138,3,0
48276,2,0
48284,2,0
48288,2,0
48395,2,0
48424,2,0
48434,2,0
48667,5,0
48705,11,0
48722,3,0
48750,3,0
48772,0,0
48867,3,0
48881,2,0
49442,3,0
50248,2,0
50384,5,0
50389,11,0
50391,2,0
50425,0,0
50443,10,0
50582,11,0
50601,11,0
51137,5,0
51153,3,0
51341,3,0
51345,3,0
51538,4,0
51649,11,0
51654,10,0
51899,2,0
51905,2,0
51909,2,0
52121,2,0
52123,2,0
52180,8,0
52201,8,0
52223,8,0
52238,6,0
52429,11,0
52611,11,0
52621,2,0
52652,7,0
52662,7,0
52718,1,0
52903,7,0
52939,0,0
53271,8,0
53274,3,0
53541,1,0
54057,2,0
54125,0,0
54132,3,0
54136,3,0
54355,2,0
54358,2,0
54360,2,0
54368,2,0
54373,2,0
54376,2,0
54379,2,0
54382,2,0
54385,2,0
54483,2,0
54507,2,0
54908,7,0
54972,2,0
55056,9,0
55077,4,0
55130,8,0
55418,2,0
55543,2,0
55549,2,0
55701,0,0
55806,2,0
55807,2,0
55897,4,0
55947,1,0
55949,1,0
56073,2,0
56082,2,0
56096,11,0
56257,2,0
56261,2,0
56271,2,0
56296,2,0
56298,2,0
56303,2,0
56310,2,0
56312,2,0
56326,2,0
56342,2,0
56362,9,0
56365,9,0
56375,9,0
56393,9,0
56587,9,0
56612,7,0
56621,4,0
56715,6,0
56725,6,0
56797,3,0
57061,11,0
57067,2,0
57396,2,0
57401,2,0
57405,2,0
57409,2,0
57420,2,0
57438,2,0
57445,7,0
57515,11,0
58062,3,0
58064,3,0
58068,3,0
58202,2,0
58277,1,0
58322,5,0
58738,4,0
58788,11,0
58823,10,0
59131,1,0
59142,1,0
59459,3,0
59475,3,0
59526,3,0
59537,3,0
59541,3,0
59553,3,0
59728,2,0
60461,2,0
60542,0,0
60568,11,0
60901,4,0
61153,3,0
61471,11,0
61618,3,0
61642,6,0
61816,7,0
61818,7,0
62017,11,0
62051,8,0
62192,2,0
62748,11,0
62803,11,0
63120,8,0
63408,1,0
63429,4,0
63430,4,0
64143,7,0
64156,4,0
64277,2,0
64390,11,0
64782,4,0
64792,4,0
64794,2,0
64797,2,0
64862,4,0
65962,1,0
66360,1,0
66441,3,0
66443,3,0
66452,7,0
66705,2,0
67771,2,0
68410,3,0
68487,2,0
68489,2,0
69129,7,0
69259,3,0
69292,6,0
69310,3,0
69354,11,0
69624,1,0
70376,11,0
70608,2,0
70930,2,0
71005,3,0
71008,8,0
71112,3,0
71116,3,0
71118,3,0
72005,2,0
72046,7,0
72130,3,0
72244,10,0
72549,11,0
72766,4,0
73326,2,0
73329,2,0
74199,2,0
74868,1,0
74925,2,0
75141,4,0
75202,4,0
75351,5,0
75365,5,0
75868,2,0
75968,2,0
76204,10,0
76212,10,0
76214,10,0
76227,10,0
76337,6,0
76339,6,0
76797,7,0
76989,4,0
77141,6,0
77156,11,0
77259,10,0
77597,3,0
78216,2,0
79652,2,0
79804,3,0
80965,7,0
80969,7,0
80992,7,0
81369,7,0
81883,2,0
81885,2,0
81929,2,0
82365,7,0
82594,10,0
82597,10,0
82599,10,0
82622,10,0
82741,11,0
82804,11,0
83484,4,0
83607,0,0
83691,3,0
84644,5,0
84832,2,0
84842,2,0
85068,2,0
85070,2,0
85100,2,0
85104,2,0
85109,4,0
85119,1,0
85584,10,0
85610,2,0
86204,7,0
86223,7,0
86972,3,0
87174,2,0
88028,3,0
88111,2,0
88178,2,0
88199,7,0
88466,4,0
88472,4,0
88474,4,0
88475,4,0
88555,11,0
88591,4,0
89593,0,0
89631,3,0
91192,0,0
91202,0,0
91730,7,0
91732,7,0
91737,10,0
91742,6,0
91766,2,0
91774,2,0
91776,2,0
91780,2,0
92597,1,0
93127,11,0
93701,11,0
93949,1,0
94187,3,0
94231,6,0
94234,7,0
94236,6,0
94311,7,0
94892,8,0
94952,6,0
94958,3,0
94988,8,0
94992,5,0
95169,0,0
95189,9,0
95218,9,0
95295,4,0
95591,10,0
95599,10,0
95911,3,0
97051,11,0
98130,2,0
98139,2,0
98147,2,0
98309,0,0
98381,6,0
98660,3,0
98805,1,0
98808,1,0
100189,7,0
101898,5,0
101931,10,0
103599,3,0
103719,7,0
103830,9,0
103889,10,0
103943,8,0
103955,2,0
104446,10,0
104451,10,0
104458,10,0
104473,10,0
104475,10,0
104514,10,0
106173,7,0
106241,1,0
106257,1,0
106500,10,0
107204,2,0
107207,2,0
107223,2,0
107225,2,0
107227,2,0
108822,2,0
108839,2,0
108857,3,0
108930,11,0
108957,4,0
109023,11,0
109904,6,0
110367,10,0
110675,2,0
111783,7,0
111828,2,0
111880,10,0
111885,10,0
111897,10,0
111915,10,0
111922,10,0
111932,10,0
111950,10,0
111973,2,0
112291,4,0
113102,11,0
113114,2,0
113543,7,0
114275,2,0
114328,2,0
114330,2,0
114332,2,0
114368,2,0
115080,4,0
115356,11,0
116120,10,0
116125,9,0
116129,9,0
116152,11,0
117144,2,0
117248,4,0
117533,11,0
117570,0,0
117853,8,0
118186,2,0
118792,2,0
118796,3,0
119487,6,0
120497,8,0
121175,8,0
121225,11,0
121588,3,0
121844,11,0
122772,11,0
122852,11,0
122862,11,0
123378,2,0
124287,4,0
124410,10,0
125282,2,0
125296,2,0
125862,2,0
126785,2,0
127313,10,0
127403,1,0
127874,2,0
127928,2,0
128389,2,0
129107,7,0
129396,10,0
130471,6,0
130718,7,0
132116,4,0
133081,11,0
134629,6,0
134919,6,0
135161,2,0
135164,2,0
135167,2,0
135423,2,0
135426,2,0
135430,2,0
135432,2,0
135440,2,0
135443,2,0
135447,2,0
135449,2,0
135758,6,0
135866,11,0
135971,2,0
137519,7,0
138069,10,0
139475,11,0
139674,1,0
139679,1,0
141257,1,0
141678,8,0
141838,2,0
142475,2,0
142686,4,0
143028,7,0
143301,3,0
143605,5,0
143629,8,0
143721,11,0
143723,11,0
143731,11,0
143734,11,0
143767,11,0
143947,11,0
143949,11,0
144030,4,0
144305,4,0
144700,4,0
144703,4,0
144704,4,0
144705,4,0
144707,4,0
144708,4,0
144715,4,0
144729,4,0
146712,3,0
146807,6,0
148056,3,0
148341,0,0
150287,7,0
151303,10,0
151542,10,0
151543,10,0
151548,10,0
153220,1,0
153641,2,0
156169,2,0
156310,4,0
156560,2,0
156562,2,0
156982,5,0
157304,11,0
158440,11,0
158455,7,0
158623,11,0
158804,8,0
161624,2,0
161652,2,0
161683,2,0
161697,8,0
161741,2,0
161769,10,0
163133,6,0
163669,4,0
165430,4,0
166331,11,0
166413,4,0
166420,4,0
166740,7,0
167038,4,0
168630,10,0
169551,4,0
170624,1,0
170865,2,0
171272,2,0
172268,6,0
172412,2,0
172679,2,0
172680,2,0
172683,2,0
172688,2,0
172911,5,0
173220,2,0
173246,7,0
173330,7,0
173784,4,0
173981,1,0
175116,2,0
175118,2,0
175123,2,0
175130,2,0
175132,2,0
175340,11,0
175773,5,0
175799,5,0
176023,2,0
176038,2,0
176042,2,0
176065,2,0
176073,2,0
176114,3,0
176848,3,0
177088,11,0
177619,10,0
177674,10,0
177929,10,0
178032,4,0
178132,0,0
178174,0,0
179673,9,0
181118,2,0
181838,2,0
182233,7,0
182948,2,0
183180,2,0
183660,3,0
183715,6,0
183748,3,0
184058,4,0
185452,3,0
185574,1,0
186072,11,0
186282,1,0
186473,3,0
187105,2,0
187421,2,0
187617,11,0
187655,11,0
187675,11,0
187694,11,0
187697,11,0
188339,2,0
188343,2,0
189528,2,0
189838,11,0
189907,10,0
189978,1,0
190294,2,0
190355,10,0
190675,2,0
192190,10,0
192206,2,0
192444,1,0
192486,1,0
195164,11,0
195167,11,0
195882,11,0
195936,7,0
196026,2,0
196036,2,0
197151,11,0
198037,1,0
198633,1,0
199889,1,0
200574,4,0
200613,4,0
201361,2,0
201800,8,0
201991,2,0
202455,11,0
202584,6,0
203780,10,0
204969,2,0
205271,4,0
205272,4,0
207635,4,0
207646,4,0
208068,2,0
208072,2,0
208332,7,0
208971,3,0
209165,5,0
210138,7,0
210581,7,0
210584,5,0
210631,7,0
210645,3,0
210651,3,0
214089,9,0
214128,10,0
214132,10,0
214137,10,0
214170,9,0
214189,10,0
214276,9,0
214280,9,0
214282,9,0
214308,9,0
214365,9,0
214392,10,0
214430,6,0
214437,2,0
215344,6,0
215357,6,0
215359,6,0
216413,4,0
217164,11,0
217216,4,0
218734,10,0
218743,10,0
218770,10,0
219362,1,0
219491,10,0
219506,1,0
219538,1,0
220872,0,0
221965,2,0
222002,0,0
223226,11,0
224238,1,0
224240,1,0
224314,2,0
225336,11,0
225386,6,0
225397,2,0
226134,1,0
226148,1,0
226859,3,0
227181,2,0
227183,2,0
227191,2,0
227225,2,0
227227,2,0
227618,11,0
228304,2,0
229639,1,0
230657,2,0
231878,4,0
233201,5,0
235515,11,0
236011,4,0
236025,4,0
236772,9,0
236878,1,0
237419,2,0
237431,2,0
237437,2,0
238743,7,0
239369,2,0
239383,2,0
240153,6,0
240158,6,0
240161,6,0
240208,2,0
240726,2,0
240907,11,0
241345,6,0
242266,10,0
242978,6,0
243058,2,0
243707,7,0
245037,2,0
245059,2,0
247414,11,0
247536,2,0
247584,1,0
247602,1,0
248134,5,0
248453,11,0
248898,10,0
249411,11,0
249510,11,0
249574,11,0
252294,10,0
252607,1,0
253714,4,0
254007,11,0
254361,9,0
254364,9,0
254445,2,0
254527,2,0
254538,2,0
254651,2,0
254656,2,0
259245,1,0
260994,8,0
262014,8,0
262437,10,0
263139,1,0
264009,8,0
265359,10,0
265382,10,0
266359,2,0
268443,11,0
270536,7,0
270857,4,0
271502,6,0
272229,4,0
273758,0,0
273927,11,0
283033,6,0
283833,10,0
286486,1,0
286536,5,0
286705,11,0
287110,10,0
287191,10,0
288057,2,0
288079,2,0
288388,4,0
289280,9,0
289381,7,0
290671,11,0
291818,5,0
292396,1,0
295699,11,0
295984,11,0
300110,4,0
300305,7,0
300855,10,0
302526,2,0
304458,6,0
305494,11,0
305546,1,0
307506,0,0
307971,8,0
309973,4,0
314145,3,0
315555,1,0
315556,1,0
319798,9,0
320016,9,0
320033,9,0
320076,9,0
320089,9,0
320381,7,0
321190,1,0
321397,2,0
323311,1,0
325165,3,0
325166,3,0
325642,11,0
326431,7,0
326956,10,0
327682,5,0
329933,2,0
331299,10,0
332383,11,0
335394,2,0
337687,3,0
338558,2,0
341122,5,0
341340,11,0
343581,1,0
345571,11,0
347358,11,0
355586,11,0
360223,2,0
361643,5,0
365332,8,0
366186,10,0
366453,2,0
369122,4,0
369248,4,0
369638,5,0
370604,11,0
371915,2,0
372321,2,0
375763,7,0
381880,2,0
382314,2,0
392815,3,0
393392,10,0
398144,4,0
409350,1,0
411962,9,0
414732,1,0
414810,1,0
414873,1,0
415027,2,0
417944,7,0
419707,10,0
421220,4,0
421297,4,0
421423,4,0
423606,3,0
425642,2,0
428445,6,0
432408,5,0
433377,2,0
433404,6,0
435137,7,0
435335,2,0
437487,10,0
437492,11,0
442324,10,0
446045,1,0
447134,3,0
449593,2,0
449632,11,0
453332,4,0
454363,4,0
454922,4,0
456387,2,0
457750,0,0
458189,2,0
461237,2,0
461238,2,0
461243,2,0
464722,9,0
464929,11,0
466726,11,0
467773,10,0
468821,1,0
474492,1,0
474711,1,0
476763,11,0
478634,2,0
482536,3,0
483938,11,0
484232,11,0
488720,4,0
495161,2,0
495549,5,0
504564,1,0
504568,7,0
518105,1,0
520877,10,0
521259,2,0
522835,10,0
522847,10,0
523929,11,0
523952,11,0
524581,11,0
525812,10,0
527826,8,0
538957,10,0
542827,3,0
545366,10,0
545632,1,0
548218,11,0
555263,2,0
559695,1,0
569039,1,0
569045,1,0
571339,2,0
571889,2,0
572704,10,0
572799,10,0
572808,10,0
572825,10,0
572852,10,0
574057,1,0
581513,10,0
581588,10,0
587050,7,0
589840,2,0
591932,3,0
596672,10,0
604375,4,0
611780,3,0
613194,1,0
626377,2,0
626426,2,0
631388,11,0
632600,2,0
641818,5,0
651667,8,0
655084,10,0
655692,10,0
670600,1,0
680682,10,0
681191,2,0
687068,10,0
687116,10,0
687147,10,0
687454,3,0
689302,9,0
691632,10,0
691650,10,0
693966,11,0
695183,9,0
696214,0,0
702716,10,0
704699,10,0
704816,10,0
708062,9,0
710235,4,0
720585,2,0
721162,10,0
722672,10,0
723807,3,0
748365,5,0
797373,4,0
862507,3,0
862508,3,0
862510,3,0
868094,0,0
870536,2,0
882791,9,0
909696,6,0
909700,6,0
925459,2,0
931556,11,0
934914,10,0
934939,10,0
936348,3,0
938225,9,0
938237,9,0
943732,10,0
946290,9,0
979198,2,0
984836,7,0
987448,9,0
988055,9,0
988063,9,0
988070,9,0
988080,9,0
988105,9,0
988123,9,0
990952,7,0
997550,9,0
1070158,6,0
1096076,1,0
1101094,10,0
1101105,9,0
1101109,10,0
1118747,2,0
1126400,4,0
1129741,2,0
1137846,2,0
1141640,3,0
1141645,3,0
1147766,7,0
1159320,4,0
1165752,1,0
1226614,1,0
1234260,0,0
1261333,11,0
1262320,1,0
1271741,10,0
1291242,11,0
1328069,3,0
1338369,0,0
1352769,2,0
1365756,7,0
1368975,10,0
1387125,11,0
1410436,11,0
1430964,9,0
1469640,8,0
1517830,2,0
1532884,3,0
1535443,11,0
1569766,11,0
1577619,1,0
1577622,1,0
1588157,1,0
1594452,10,0
1606679,5,0
1608913,10,0
1662592,11,0
1666817,10,0
1766907,2,0
1803640,0,0
1812035,3,0
1821620,10,0
1844587,0,0
1849765,8,0
1854010,2,0
1862150,2,0
1868481,3,0
1891343,11,0
1907176,3,0
1914394,2,0
1918220,1,0
1918309,1,0
1925018,5,0
1929280,1,0
1948885,2,0
1960649,3,0
1961833,2,0
1962787,11,0
1965096,3,0
1977159,2,0
1977170,2,0
1983281,11,0
1985927,11,0
1987911,1,0
2015172,4,0
2041963,11,0
2045281,3,0
2056899,1,0
2069291,11,0
2071345,2,0
2072689,0,0
2100445,11,0
2100816,3,0
2233715,10,0
2448183,4,0
2478891,2,0
2485303,2,0
2492374,9,0
2502001,2,0
2510329,3,0
2585817,2,0
2585819,2,0
2585821,2,0
2594176,0,0
2603175,10,0
2613844,0,0
2614578,2,0
2619774,7,0
2623939,7,0
2628534,11,0
2630091,3,0
2639990,6,0
2649731,7,0
2652132,11,0
2654887,11,0
2696672,2,0
2705177,4,0
2714348,1,0
2736678,3,0
2743711,5,0
2776189,3,0
2782170,3,0
2784189,11,0
2795540,10,0
2819877,2,0
2821307,2,0
2821309,2,0
2821313,2,0
2841271,2,0
2854840,10,0
2902005,3,0
2950611,4,0
2759,0,0
3043,0,0
3051,0,0
3086,0,0
3142,0,0
3146,0,0
3245,0,0
3503,0,0
5799,0,0
6072,0,0
6126,0,0
6222,0,0
6250,0,0
6451,0,0
6462,0,0
6553,0,0
6563,0,0
6566,0,0
6592,0,0
6647,0,0
6739,11,0
6846,11,0
6964,11,0
7059,11,0
7062,11,0
7150,1,0
7158,1,0
7184,1,0
7199,1,0
7212,1,0
7298,1,0
7354,1,0
7369,1,0
7384,1,0
7393,1,0
7439,4,0
7482,4,0
7489,4,0
7600,8,0
7687,8,0
7711,0,0
7746,8,0
7776,0,0
7826,8,0
7844,8,0
7865,8,0
7915,7,0
7930,7,0
7934,7,0
7948,5,0
7952,5,0
7986,5,0
7996,5,0
7999,5,0
8008,7,0
8015,7,0
8045,7,0
8071,6,0
8088,7,0
8092,6,0
8157,7,0
8162,6,0
8169,6,0
8180,6,0
8184,7,0
8202,6,0
8206,6,0
8214,6,0
8247,6,0
8256,7,0
8287,0,0
8289,7,0
8294,8,0
8353,8,0
8382,8,0
8399,8,0
8432,8,0
8461,2,0
8465,2,0
8473,2,0
8484,2,0
8487,2,0
8493,2,0
8506,8,0
8530,8,0
8555,8,0
8710,8,0
8785,2,0
8788,2,0
8793,2,0
8800,2,0
8803,2,0
8820,2,0
8827,2,0
8854,2,0
8899,2,0
8903,2,0
8907,2,0
8910,2,0
8917,2,0
8922,2,0
8926,2,0
8930,2,0
8937,2,0
8941,2,0
8949,2,0
8955,2,0
8960,2,0
8982,2,0
8990,2,0
9003,2,0
9072,2,0
9109,2,0
9119,2,0
9127,2,0
9133,2,0
9136,2,0
9143,2,0
9146,2,0
9149,2,0
9153,2,0
9158,2,0
9161,2,0
9164,2,0
9167,2,0
9170,2,0
9173,2,0
9183,2,0
9193,2,0
9206,2,0
9211,2,0
9216,2,0
9220,2,0
9224,2,0
9231,2,0
9242,2,0
9246,2,0
9256,3,0
9277,3,0
9307,3,0
9331,3,0
9335,3,0
9338,3,0
9349,3,0
9352,3,0
9359,3,0
9373,3,0
9393,3,0
9409,3,0
9431,3,0
9436,3,0
9445,3,0
9461,3,0
9475,3,0
9480,3,0
9481,3,0
9528,3,0
9569,3,0
9577,3,0
9608,3,0
9632,3,0
9676,3,0
9697,3,0
9702,3,0
9705,3,0
9709,3,0
9723,3,0
9726,3,0
9740,3,0
9747,3,0
9750,3,0
9756,3,0
9762,3,0
9765,3,0
9775,3,0
9780,3,0
9788,3,0
9799,3,0
9803,3,0
9811,3,0
9816,3,0
9821,3,0
9827,3,0
9831,3,0
9835,3,0
9846,3,0
9881,3,0
9889,3,0
9892,3,0
9948,3,0
9952,3,0
9959,3,0
9963,3,0
9972,3,0
9976,3,0
9979,3,0
10021,3,0
10026,3,0
10045,3,0
10061,3,0
10135,3,0
10139,3,0
10147,3,0
10150,3,0
10155,3,0
10158,3,0
10164,3,0
10167,3,0
10221,8,0
13036,10,0
13203,1,0
16714,0,0
25692,0,0
27456,1,0
27524,4,0
27528,4,0
27548,9,0
27549,11,0
27580,2,0
27592,3,0
27693,5,0
27723,7,0
27792,2,0
28595,1,0
28641,4,0
28683,2,0
28725,2,0
28728,2,0
28735,3,0
28756,7,0
28758,7,0
28771,7,0
28778,7,0
29040,4,0
29132,3,0
29135,3,0
29142,5,0
30002,11,0
30078,11,0
30189,11,0
30190,11,0
30222,10,0
30309,8,0
30412,2,0
30413,2,0
30417,2,0
30443,2,0
30444,2,0
30445,2,0
30446,2,0
30448,2,0
30451,2,0
30459,2,0
30462,2,0
30475,8,0
30533,3,0
30553,3,0
30558,3,0
30577,3,0
30599,3,0
30613,3,0
30615,3,0
30644,3,0
30645,3,0
30646,3,0
30649,3,0
30650,3,0
30657,3,0
30660,3,0
30700,7,0
30718,5,0
30771,5,0
30806,6,0
30828,6,0
30858,6,0
30863,7,0
30870,6,0
30875,6,0
30876,7,0
30910,7,0
30917,7,0
30948,7,0
30983,6,0
30989,5,0
31008,5,0
31009,5,0
31013,5,0
31029,6,0
31031,6,0
31092,7,0
31093,7,0
32281,1,0
32304,1,0
32321,1,0
32324,1,0
32326,1,0
32346,1,0
32347,1,0
32355,1,0
32365,1,0
33269,0,0
33379,11,0
33386,11,0
33387,11,0
33415,10,0
33574,2,0
33582,2,0
33596,2,0
33599,2,0
34554,0,0
34643,11,0
34784,7,0
34876,3,0
34877,3,0
34878,3,0
34907,2,0
34915,2,0
34944,2,0
35022,8,0
35078,8,0
35428,0,0
35466,0,0
35549,2,0
35610,2,0
35734,3,0
35737,3,0
36203,6,0
36256,2,0
36270,2,0
36291,2,0
36294,2,0
36297,2,0
36666,11,0
37067,2,0
37076,2,0
37169,3,0
37170,3,0
37184,3,0
37267,11,0
37539,0,0
37599,2,0
37611,2,0
37612,2,0
37811,11,0
38011,11,0
38039,3,0
38066,3,0
38068,3,0
38069,3,0
38070,3,0
38085,11,0
38115,11,0
38395,2,0
38563,2,0
38624,3,0
38633,2,0
38662,3,0
38663,3,0
39087,3,0
39131,11,0
39812,11,0
39820,0,0
40080,10,0
40081,10,0
40082,10,0
40083,10,0
40100,10,0
40138,4,0
40139,4,0
40141,3,0
40142,3,0
40155,2,0
40156,2,0
40231,3,0
40234,3,0
40236,3,0
40237,3,0
40238,3,0
40297,3,0
40580,8,0
41043,1,0
41078,11,0
41820,1,0
41832,1,0
41872,7,0
42148,6,0
42167,8,0
42168,8,0
42169,8,0
42297,10,0
42425,8,0
42450,10,0
42495,5,0
42595,5,0
42822,0,0
43149,2,0
43314,2,0
43698,7,0
43758,1,0
43808,1,0
43814,1,0
43845,1,0
43911,1,0
43912,1,0
43914,1,0
44042,1,0
44051,1,0
44395,2,0
44485,1,0
44487,2,0
44515,2,0
44534,1,0
44536,1,0
44538,1,0
44544,1,0
44546,1,0
44549,1,0
44580,0,0
45349,0,0
45650,2,0
46508,2,0
46593,0,0
47690,2,0
47693,2,0
47698,7,0
47833,1,0
48275,2,0
48283,2,0
48286,2,0
48287,2,0
48302,1,0
48423,2,0
48433,2,0
48720,4,0
50237,11,0
50238,11,0
50247,2,0
50385,11,0
50489,11,0
50519,11,0
50558,11,0
50581,11,0
50600,11,0
50638,4,0
50679,1,0
50682,1,0
50694,1,0
50791,7,0
51105,0,0
51340,3,0
51343,3,0
51344,3,0
51653,10,0
52221,8,0
52715,1,0
52722,1,0
52730,1,0
52747,1,0
52749,1,0
52902,7,0
53273,3,0
53472,0,0
53527,1,0
54049,2,0
54124,0,0
54279,1,0
54281,1,0
54282,1,0
54316,6,0
54318,6,0
54354,2,0
54357,2,0
54362,2,0
54367,2,0
54372,2,0
54375,2,0
54378,2,0
54381,2,0
54384,2,0
54504,2,0
54968,1,0
55098,11,0
55119,5,0
55129,8,0
55417,2,0
55548,2,0
55805,2,0
55867,11,0
55885,0,0
55887,0,0
56256,2,0
56260,2,0
56290,2,0
56295,2,0
56302,2,0
56309,2,0
57381,2,0
57382,2,0
57383,2,0
57385,2,0
57386,2,0
57387,2,0
57390,2,0
58250,1,0
59140,1,0
59144,1,0
59445,3,0
59488,3,0
59549,3,0
60524,0,0
60759,11,0
60794,11,0
61354,0,0
62747,11,0
63712,11,0
64142,7,0
64155,4,0
64444,10,0
64795,2,0
65192,4,0
65207,4,0
65210,4,0
65620,3,0
66544,11,0
68882,4,0
68883,4,0
69291,6,0
69351,11,0
69501,2,0
69509,2,0
70999,11,0
71814,1,0
72034,11,0
72205,2,0
72653,11,0
72771,4,0
72772,4,0
72773,4,0
72874,2,0
73325,2,0
73328,2,0
74488,3,0
75144,4,0
75190,4,0
75967,2,0
76073,7,0
76218,10,0
76984,4,0
77099,11,0
77225,3,0
77241,3,0
77634,0,0
77658,11,0
77702,11,0
78173,4,0
78204,2,0
79715,11,0
79716,11,0
79803,3,0
80764,11,0
81368,7,0
81689,10,0
81882,2,0
81887,2,0
81890,2,0
81928,2,0
82596,10,0
82882,11,0
83310,4,0
83319,4,0
83321,4,0
83323,4,0
84507,4,0
85067,2,0
85103,2,0
85118,4,0
85545,2,0
85815,11,0
88467,4,0
88544,4,0
88545,4,0
91768,2,0
91771,2,0
92437,8,0
92579,1,0
92587,1,0
92590,1,0
93700,11,0
94233,7,0
94935,7,0
94957,3,0
95175,9,0
95178,9,0
95179,9,0
95182,9,0
95186,9,0
95217,9,0
95244,9,0
95245,9,0
95294,4,0
96541,11,0
98659,3,0
99599,3,0
102263,8,0
102312,0,0
104442,10,0
104450,10,0
104728,0,0
105801,11,0
108856,3,0
109883,11,0
111919,10,0
112287,4,0
113113,2,0
114313,2,0
114953,11,0
115265,1,0
115274,1,0
115277,1,0
115284,1,0
116119,10,0
116124,9,0
117558,0,0
118185,2,0
118791,2,0
119486,6,0
119500,3,0
119825,3,0
121222,11,0
121282,7,0
123517,11,0
123523,11,0
123529,11,0
123700,7,0
124130,7,0
124363,10,0
124406,10,0
125295,2,0
126187,11,0
126287,3,0
126387,0,0
127300,10,0
127312,10,0
127400,1,0
127821,11,0
127873,2,0
129914,7,0
129917,7,0
130267,7,0
130551,11,0
130588,11,0
132199,9,0
132200,9,0
133528,11,0
134903,10,0
135163,2,0
135166,2,0
135425,2,0
135429,2,0
135439,2,0
135446,2,0
136231,6,0
136838,7,0
137503,1,0
139644,1,0
140316,10,0
141256,1,0
141711,4,0
142857,2,0
143027,7,0
143623,7,0
143769,11,0
143771,11,0
143772,11,0
143773,11,0
143999,4,0
144001,4,0
144004,4,0
144015,4,0
144017,4,0
144019,4,0
144020,4,0
145349,8,0
147297,10,0
150884,10,0
151208,10,0
151316,10,0
152601,10,0
153640,2,0
153976,11,0
156331,4,0
156332,4,0
156337,4,0
158449,7,0
158806,8,0
161623,2,0
161679,2,0
161696,8,0
161740,2,0
162266,8,0
164646,2,0
164879,1,0
164882,1,0
166419,4,0
167180,10,0
169417,3,0
169418,3,0
169447,1,0
169550,4,0
169862,8,0
169863,8,0
171414,7,0
171576,10,0
171580,10,0
172511,4,0
172515,11,0
173245,7,0
173649,10,0
173709,10,0
175027,2,0
175115,2,0
175122,2,0
175129,2,0
175333,11,0
176110,3,0
176113,3,0
177673,10,0
177789,10,0
177928,10,0
177934,10,0
177968,10,0
178025,4,0
178044,4,0
178049,4,0
179426,1,0
180245,10,0
180246,10,0
181456,6,0
181468,6,0
182230,7,0
182238,7,0
183662,3,0
183663,3,0
185573,1,0
186112,10,0
186621,7,0
186623,0,0
186749,7,0
186994,3,0
186995,3,0
187607,11,0
187620,11,0
187632,11,0
187696,11,0
188342,2,0
189314,10,0
189315,10,0
189319,10,0
189527,2,0
192205,2,0
192383,11,0
192434,1,0
192448,1,0
192924,0,0
195881,11,0
196245,8,0
197539,3,0
197540,3,0
205120,7,0
209173,11,0
212532,8,0
213546,11,0
213859,4,0
215788,10,0
217033,0,0
217614,3,0
219108,3,0
219112,3,0
219490,10,0
224219,1,0
224230,1,0
224313,2,0
226861,11,0
227180,2,0
227190,2,0
227508,3,0
231877,4,0
235880,0,0
236378,11,0
236659,11,0
236781,10,0
236919,11,0
237436,2,0
238596,11,0
238742,7,0
241819,6,0
243706,7,0
246456,4,0
248746,10,0
252293,10,0
253710,4,0
254526,2,0
254572,2,0
254655,2,0
256835,11,0
259919,8,0
261156,11,0
262157,11,0
262181,10,0
263631,11,0
263632,11,0
263641,11,0
264006,8,0
270656,7,0
272199,4,0
272228,4,0
272242,4,0
272310,4,0
273877,4,0
274705,6,0
274795,6,0
278171,5,0
282291,0,0
284551,0,0
286472,1,0
286710,11,0
286715,11,0
287187,10,0
288382,4,0
290403,1,0
292440,8,0
293508,0,0
294824,11,0
295125,11,0
295648,11,0
299347,10,0
299362,10,0
301638,10,0
301641,10,0
301957,0,0
301959,0,0
302523,4,0
303412,4,0
311092,10,0
318529,7,0
319057,7,0
319058,7,0
319762,9,0
319765,9,0
319766,9,0
319770,9,0
319773,9,0
326408,3,0
328321,2,0
329146,2,0
330750,2,0
332381,11,0
333877,11,0
337729,3,0
337730,3,0
337752,3,0
337963,3,0
338151,3,0
338152,3,0
338153,3,0
343564,1,0
347697,10,0
348687,11,0
353826,11,0
353830,11,0
354926,10,0
364048,11,0
365066,5,0
366209,10,0
372310,2,0
376918,3,0
378850,3,0
379582,3,0
385256,8,0
387103,11,0
390319,7,0
391181,7,0
397427,10,0
400781,2,0
400782,2,0
400783,2,0
405002,7,0
409248,11,0
410274,4,0
417943,7,0
421285,4,0
421418,4,0
425629,2,0
426437,11,0
428444,6,0
433502,11,0
433514,11,0
433515,11,0
454361,4,0
458188,2,0
461250,2,0
461255,2,0
462262,1,0
465383,11,0
466544,2,0
466552,2,0
466585,2,0
466866,11,0
475176,7,0
475327,10,0
476429,11,0
476934,6,0
479730,4,0
497220,7,0
497678,7,0
497704,7,0
504567,7,0
504569,7,0
523164,10,0
523174,10,0
523176,10,0
523180,10,0
528041,11,0
552881,2,0
557415,7,0
565685,11,0
569105,1,0
569110,1,0
569643,11,0
572922,9,0
577242,11,0
581385,10,0
581387,10,0
581389,10,0
586240,7,0
603456,7,0
607660,3,0
613091,8,0
619356,11,0
626425,2,0
630280,7,0
641307,6,0
641308,6,0
667167,2,0
670801,7,0
670802,7,0
676061,11,0
687156,10,0
687453,3,0
696215,0,0
701798,11,0
703913,7,0
721813,0,0
723806,3,0
745257,3,0
795077,0,0
805116,11,0
880551,2,0
904181,2,0
981671,3,0
990937,7,0
1008259,3,0
1110385,0,0
1115744,0,0
1128656,5,0
1184125,0,0
1191377,8,0
1191378,8,0
1204718,6,0
1271710,11,0
1272141,11,0
1277737,8,0
1304792,11,0
1315725,7,0
1329799,2,0
1329929,8,0
1390229,8,0
1430885,9,0
1463137,0,0
1477611,0,0
1478967,0,0
1490021,6,0
1505891,6,0
1545690,2,0
1556158,10,0
1566705,11,0
1579279,2,0
1583079,9,0
1585420,11,0
1607688,2,0
1664845,10,0
1673678,2,0
1699522,0,0
1705102,0,0
1718445,1,0
1729112,2,0
1730093,2,0
1801551,4,0
1811493,3,0
1844584,0,0
1927917,0,0
1931078,2,0
1932955,4,0
1945703,9,0
1955429,0,0
1962849,11,0
1963758,3,0
2024747,8,0
2029106,11,0
2041976,11,0
2068716,2,0
2068718,2,0
2068721,2,0
2068722,2,0
2068731,2,0
2079927,4,0
2094723,0,0
2116660,2,0
2169681,2,0
2338966,1,0
2507001,11,0
2509194,5,0
2509196,5,0
2511161,0,0
2555556,9,0
2555566,9,0
2558922,10,0
2607033,2,0
2721536,5,0
2743693,5,0
2743694,5,0
2743697,5,0
2743704,5,0
2743705,5,0
2743715,5,0
2743716,5,0
2743728,5,0
2743731,5,0
2743747,5,0
2743748,5,0
2750048,0,0
2761142,11,0
2761157,11,0
2761159,11,0
2787994,0,0
2821308,2,0
2839394,10,0
2839395,10,0
2850835,11,0
2892069,3,0
2905228,2,0
2925401,10,0
2927774,2,0
2931431,10,0
2969676,2,0
2982298,4,0
3042,0,0
3244,0,0
3440,0,0
3502,0,0
4345,0,0
4454,0,0
5789,0,0
6103,0,0
6219,0,0
6243,0,0
6314,0,0
6348,0,0
6466,0,0
6547,0,0
6646,0,0
6744,11,0
6845,11,0
6939,11,0
6974,11,0
6995,11,0
7002,11,0
7036,11,0
7042,11,0
7049,11,0
7055,11,0
7056,11,0
7065,11,0
7081,11,0
7089,10,0
7096,10,0
7100,9,0
7114,10,0
7135,10,0
7149,1,0
7164,1,0
7174,1,0
7197,1,0
7198,1,0
7214,1,0
7371,1,0
7392,1,0
7402,4,0
7422,4,0
7423,4,0
7430,4,0
7438,4,0
7455,4,0
7479,4,0
7511,11,0
7520,11,0
7533,11,0
7599,8,0
7682,8,0
7745,8,0
7762,8,0
7850,8,0
7858,8,0
7864,8,0
7898,0,0
7914,7,0
7925,7,0
7933,7,0
7992,5,0
8006,7,0
8007,7,0
8012,7,0
8065,7,0
8075,7,0
8079,7,0
8087,7,0
8100,6,0
8101,6,0
8165,6,0
8192,6,0
8205,6,0
8220,7,0
8288,7,0
8360,8,0
8372,8,0
8397,8,0
8417,8,0
8431,8,0
8445,8,0
8460,2,0
8505,8,0
8511,8,0
8522,8,0
8560,8,0
8561,8,0
8572,8,0
8578,8,0
8602,8,0
8689,8,0
8784,2,0
8792,2,0
8799,2,0
8802,2,0
8819,2,0
8826,2,0
8830,2,0
8892,2,0
8893,2,0
8902,2,0
8906,2,0
8920,2,0
8929,2,0
8936,2,0
8940,2,0
8948,2,0
8976,2,0
9005,2,0
9108,2,0
9126,2,0
9205,2,0
9215,2,0
9219,2,0
9223,2,0
9230,2,0
9265,3,0
9362,3,0
9363,3,0
9369,3,0
9376,3,0
9389,3,0
9398,3,0
9415,3,0
9498,3,0
9527,3,0
9655,3,0
9673,3,0
9681,3,0
9722,3,0
9761,3,0
9774,3,0
9779,3,0
9810,3,0
9815,3,0
9834,3,0
9850,3,0
9895,3,0
9971,3,0
9975,3,0
9991,3,0
10015,3,0
10220,8,0
26254,0,0
27479,11,0
27482,11,0
27508,4,0
27515,4,0
27532,4,0
27544,10,0
27791,2,0
27833,0,0
27921,0,0
28731,2,0
28734,3,0
29035,1,0
29051,4,0
29994,11,0
30009,11,0
30225,9,0
30367,8,0
30411,2,0
30416,2,0
30447,2,0
30449,2,0
30458,2,0
30483,8,0
30503,8,0
30560,3,0
30648,3,0
30656,3,0
30725,5,0
30761,7,0
30871,6,0
30892,6,0
30908,7,0
30942,7,0
30947,7,0
30995,5,0
32341,1,0
32434,10,0
32517,6,0
32561,0,0
33256,0,0
33355,11,0
33358,11,0
33362,11,0
33366,11,0
33370,11,0
33375,11,0
33381,11,0
33406,1,0
33460,10,0
33464,10,0
33511,0,0
33550,3,0
34531,0,0
34542,0,0
34672,11,0
34687,1,0
34695,4,0
34989,8,0
35036,8,0
35491,0,0
35497,3,0
35499,3,0
35500,3,0
36138,11,0
36141,11,0
36161,11,0
36668,4,0
36985,11,0
37538,0,0
37571,9,0
37572,10,0
37581,10,0
37582,10,0
37584,10,0
37909,11,0
38096,11,0
38607,3,0
38608,3,0
38609,3,0
39814,11,0
39816,11,0
40040,10,0
40093,10,0
40096,10,0
41012,10,0
41030,10,0
41097,11,0
41142,11,0
41155,11,0
41712,7,0
41811,1,0
41830,1,0
41945,0,0
42265,10,0
42282,10,0
42289,10,0
42300,10,0
42449,10,0
43062,5,0
43085,4,0
43148,2,0
43254,6,0
43745,1,0
43749,1,0
43750,1,0
43755,1,0
43792,1,0
43831,1,0
43838,1,0
43871,1,0
43878,1,0
43882,1,0
43901,1,0
43910,1,0
43913,1,0
43916,1,0
43917,1,0
44040,1,0
44353,4,0
44484,1,0
44543,1,0
44545,1,0
44548,1,0
45053,11,0
45443,7,0
46562,11,0
47697,7,0
47757,7,0
48301,1,0
48704,11,0
48715,11,0
48991,1,0
50370,7,0
50374,7,0
50424,0,0
50527,11,0
50554,11,0
50599,11,0
50623,11,0
50673,1,0
50674,1,0
51964,8,0
52632,4,0
52721,1,0
52723,1,0
52729,1,0
52735,1,0
54286,1,0
54288,1,0
54907,7,0
55118,5,0
55199,11,0
55708,0,0
56259,2,0
56301,2,0
56308,2,0
56718,7,0
56724,6,0
57379,2,0
57384,2,0
57389,2,0
57514,11,0
57894,1,0
58055,3,0
58247,1,0
58262,1,0
62155,2,0
62802,11,0
63707,11,0
63715,11,0
63826,7,0
64154,4,0
64387,11,0
65022,10,0
65149,4,0
65170,4,0
65619,3,0
66704,2,0
69128,7,0
70893,11,0
70899,11,0
70987,4,0
71527,11,0
71541,11,0
72033,11,0
72045,7,0
72530,1,0
74489,0,0
74972,11,0
74975,11,0
75187,4,0
75200,4,0
75981,0,0
76072,7,0
77572,4,0
77573,4,0
77657,11,0
78169,4,0
78171,4,0
79514,11,0
79705,11,0
79706,11,0
79709,11,0
81386,7,0
81687,10,0
81953,8,0
82587,10,0
82593,10,0
82616,10,0
82617,10,0
82738,11,0
82886,11,0
83311,4,0
83881,7,0
85772,4,0
86197,7,0
92558,1,0
93884,10,0
94930,7,0
98297,0,0
98302,0,0
98966,10,0
100750,10,0
102812,0,0
104425,10,0
104437,10,0
104783,0,0
106219,0,0
106221,0,0
106236,1,0
106499,10,0
115244,1,0
115263,1,0
115350,11,0
115354,10,0
116151,11,0
116561,11,0
116575,11,0
117887,8,0
118184,2,0
121221,11,0
122737,11,0
123731,7,0
123757,0,0
124129,7,0
127320,10,0
127399,1,0
127820,11,0
129918,7,0
129920,7,0
130269,7,0
131214,0,0
131567,0,0
133075,11,0
133076,11,0
134612,6,0
135860,11,0
136836,7,0
143026,7,0
143727,11,0
143733,11,0
144867,11,0
146277,0,0
150883,10,0
156309,4,0
156312,4,0
156323,4,0
156330,4,0
160439,0,0
160513,11,0
161768,10,0
164862,1,0
167475,11,0
171578,10,0
171637,0,0
172377,4,0
173647,10,0
173680,11,0
175121,2,0
175332,11,0
177618,10,0
177669,10,0
177781,10,0
177924,10,0
185809,11,0
185816,11,0
186093,11,0
186108,10,0
186111,10,0
186619,7,0
186627,5,0
186632,5,0
186745,7,0
189317,10,0
189482,7,0
192204,2,0
193206,0,0
195166,11,0
196982,11,0
204509,0,0
205141,4,0
211566,11,0
212526,8,0
213545,11,0
214607,0,0
216276,0,0
216423,4,0
222823,4,0
222831,4,0
226749,11,0
235629,0,0
236915,11,0
241818,6,0
253723,4,0
268499,10,0
270602,7,0
274692,6,0
274794,6,0
284555,0,0
288404,4,0
288410,4,0
318546,7,0
318559,7,0
319783,9,0
328320,2,0
337664,3,0
337673,3,0
337677,3,0
337726,3,0
344705,10,0
344711,10,0
376912,3,0
376915,3,0
376916,3,0
376917,3,0
376919,3,0
378855,3,0
379583,3,0
379584,3,0
379589,3,0
423054,0,0
461499,7,0
469321,10,0
523093,11,0
629296,11,0
655439,0,0
670798,7,0
676060,11,0
685122,8,0
685130,8,0
686349,11,0
695564,9,0
698016,6,0
721789,0,0
879230,11,0
948951,3,0
948952,3,0
948953,3,0
1002748,2,0
1008263,3,0
1049651,11,0
1053962,10,0
1056966,1,0
1110380,0,0
1159319,4,0
1294636,2,0
1298654,2,0
1329920,8,0
1330544,8,0
1410427,11,0
1489620,5,0
1489739,5,0
1489793,5,0
1489845,7,0
1489905,7,0
1489907,7,0
1489909,7,0
1489919,7,0
1489923,6,0
1489928,6,0
1489929,6,0
1489931,6,0
1489935,6,0
1489938,6,0
1489939,6,0
1490020,6,0
1545895,6,0
1545897,6,0
1545901,6,0
1545920,6,0
1579275,2,0
1579283,2,0
1588183,1,0
1699513,0,0
1699523,0,0
1861795,1,0
1927915,0,0
1931080,2,0
1956187,2,0
1963757,3,0
1963759,3,0
2024743,8,0
2116661,2,0
2218862,11,0
2301094,0,0
2558200,2,0
2653790,3,0
2681869,10,0
2705894,0,0
2743695,5,0
2743714,5,0
2743726,5,0
2743745,5,0
2750049,0,0
2768097,11,0
3615,0,0
3745,0,0
3931,0,0
3977,0,0
6102,0,0
6125,0,0
6137,0,0
6218,0,0
6249,0,0
6308,0,0
6552,0,0
6562,0,0
6580,0,0
6638,0,0
6665,11,0
6675,11,0
6738,11,0
6844,11,0
6962,11,0
7080,11,0
7117,10,0
7128,10,0
7139,10,0
7143,10,0
7296,1,0
7366,1,0
7381,1,0
7399,4,0
7401,4,0
7408,4,0
7458,4,0
7501,11,0
7681,8,0
7761,8,0
7863,8,0
7900,7,0
7911,7,0
7991,5,0
7995,5,0
8002,5,0
8043,7,0
8064,7,0
8070,6,0
8076,7,0
8107,6,0
8111,6,0
8112,6,0
8219,7,0
8224,7,0
8252,7,0
8292,8,0
8293,8,0
8342,8,0
8352,8,0
8416,8,0
8504,8,0
8548,8,0
8570,8,0
8783,2,0
8798,2,0
8825,2,0
9214,2,0
9721,3,0
9845,3,0
10219,8,0
16360,0,0
27439,11,0
27474,1,0
28738,7,0
28781,7,0
29026,11,0
29140,5,0
30001,11,0
30005,11,0
30073,11,0
30083,11,0
30102,11,0
30187,11,0
30248,10,0
30352,8,0
30496,8,0
30559,3,0
30907,7,0
31022,6,0
31028,6,0
31089,7,0
32521,7,0
33354,11,0
33356,11,0
33357,11,0
33359,11,0
33365,11,0
33373,11,0
33377,11,0
33385,11,0
34667,11,0
34680,1,0
34725,4,0
34735,4,0
34979,8,0
36151,11,0
36164,1,0
37528,0,0
37567,0,0
37569,10,0
37570,9,0
37573,10,0
38605,3,0
40092,10,0
40304,4,0
40307,4,0
41011,10,0
41029,10,0
41042,1,0
41073,11,0
41088,11,0
41197,0,0
41242,8,0
41705,7,0
41711,7,0
41768,0,0
41827,1,0
41828,1,0
41831,1,0
42315,10,0
43697,7,0
43734,1,0
43741,1,0
43742,1,0
43744,1,0
43746,1,0
43753,1,0
43784,1,0
43787,1,0
43790,1,0
43793,1,0
43801,1,0
43816,1,0
43817,1,0
43866,1,0
43867,1,0
44482,1,0
44483,1,0
44578,0,0
44598,0,0
45049,11,0
45080,0,0
46881,1,0
48384,1,0
48719,4,0
50488,11,0
50553,11,0
50645,10,0
50671,1,0
50672,1,0
50827,0,0
53550,1,0
54906,7,0
54970,1,0
55153,3,0
55879,0,0
56717,7,0
63710,11,0
65171,4,0
69675,0,0
70404,11,0
70405,11,0
70906,11,0
71192,11,0
71193,11,0
71274,0,0
71525,11,0
71526,11,0
71529,11,0
73401,4,0
74971,11,0
74974,11,0
75543,11,0
75546,11,0
75739,0,0
75966,0,0
76071,7,0
78170,4,0
79707,11,0
79708,11,0
82592,10,0
83232,8,0
84337,11,0
91835,0,0
92621,11,0
93880,10,0
94020,11,0
96475,0,0
102804,0,0
104423,10,0
104430,10,0
104431,0,0
104432,10,0
104435,10,0
104493,10,0
105390,0,0
105710,0,0
106218,0,0
106220,0,0
106496,10,0
116571,11,0
116574,11,0
117569,8,0
117893,8,0
118152,7,0
119195,8,0
123349,7,0
123357,7,0
124286,4,0
124343,10,0
129369,11,0
130264,7,0
131213,0,0
137627,0,0
140493,0,0
164860,1,0
171638,0,0
177617,10,0
177765,10,0
181389,7,0
185812,11,0
186626,5,0
193205,0,0
211564,11,0
214597,0,0
216285,0,0
226742,11,0
232639,11,0
236347,11,0
253718,4,0
253722,4,0
297308,11,0
304574,0,0
314294,3,0
319056,7,0
319095,7,0
351509,11,0
351514,11,0
376911,3,0
500008,0,0
523712,11,0
523720,11,0
551287,0,0
551290,0,0
554674,11,0
572384,11,0
730330,11,0
730331,11,0
730333,11,0
868270,11,0
948950,3,0
1049656,11,0
1049657,11,0
1294634,2,0
1329911,8,0
1329922,8,0
1329961,8,0
1329975,8,0
1329976,8,0
1338366,7,0
1478969,0,0
1489100,7,0
1489460,5,0
1489844,7,0
1489877,7,0
1489880,7,0
1489884,7,0
1489900,7,0
1489904,7,0
1489908,7,0
1489913,7,0
1489922,6,0
1489940,6,0
1489943,6,0
1490028,7,0
1521260,0,0
1549675,2,0
1579336,2,0
1683801,10,0
1803217,4,0
1912919,11,0
1919246,0,0
1955251,4,0
1963761,3,0
2029065,11,0
2153479,4,0
2315723,0,0
2607030,2,0
2653789,3,0
2783445,0,0
2812636,0,0
3166,0,0
3524,0,0
3646,0,0
3744,0,0
4210,0,0
4447,0,0
5796,0,0
6073,0,0
6101,0,0
6217,0,0
6274,0,0
6341,0,0
6448,0,0
6545,0,0
6546,0,0
6692,11,0
6843,11,0
6905,11,0
6935,11,0
6960,0,0
6961,11,0
7020,11,0
7033,11,0
7148,1,0
7157,1,0
7203,1,0
7211,1,0
7400,4,0
7434,4,0
7516,11,0
7524,11,0
7588,8,0
7705,8,0
7777,8,0
7778,8,0
8113,7,0
8492,2,0
8509,8,0
8782,2,0
10197,0,0
10207,0,0
10232,0,0
26122,0,0
27434,11,0
30261,11,0
30319,8,0
32446,5,0
32519,5,0
33339,11,0
33350,11,0
33351,11,0
33361,11,0
33368,11,0
33380,11,0
33392,0,0
33680,0,0
35493,0,0
37516,0,0
37568,10,0
38130,11,0
41033,10,0
41084,11,0
41085,11,0
41086,11,0
41087,11,0
41196,0,0
41666,8,0
41819,1,0
41829,1,0
41944,0,0
43733,1,0
43738,1,0
43739,1,0
43740,1,0
43754,1,0
43786,1,0
43846,1,0
50557,0,0
50622,11,0
51241,7,0
58023,0,0
63711,11,0
70910,11,0
71275,0,0
71528,11,0
84318,11,0
85817,11,0
85819,11,0
85823,11,0
93873,10,0
94929,7,0
104434,10,0
116172,11,0
116557,11,0
116569,11,0
117565,8,0
119089,0,0
119197,8,0
123368,0,0
127218,10,0
129912,7,0
131221,0,0
140693,11,0
177616,10,0
181483,7,0
186622,7,0
186624,7,0
186628,5,0
186633,5,0
213547,11,0
215450,0,0
215451,0,0
216275,0,0
480118,1,0
504493,1,0
535382,11,0
1329912,8,0
1330543,8,0
1437183,0,0
1437201,0,0
1476529,8,0
1489343,7,0
1489388,0,0
1489798,7,0
1489843,7,0
1489872,0,0
1489874,7,0
1489876,7,0
1489878,7,0
1489892,7,0
1489894,7,0
1489921,7,0
1683727,10,0
1927913,0,0
1955247,11,0
2153468,4,0
2174975,11,0
2301116,0,0
2301119,0,0
2315720,0,0
2510002,11,0
2692248,0,0
2816136,0,0
2908833,0,0
2939015,11,0
3041,0,0
3193,0,0
3398,0,0
4143,0,0
4209,0,0
6074,0,0
6231,0,0
6236,0,0
6340,0,0
6447,0,0
6606,0,0
6656,0,0
6658,11,0
6683,11,0
6830,11,0
6893,11,0
6934,11,0
6970,11,0
6994,11,0
7041,11,0
7147,1,0
7496,0,0
7509,11,0
7587,8,0
7624,8,0
7899,7,0
10190,0,0
10206,0,0
30262,11,0
30263,10,0
33090,0,0
33340,0,0
33341,11,0
33342,11,0
33349,11,0
33367,11,0
41071,11,0
41191,0,0
43737,1,0
43752,1,0
43789,1,0
43953,11,0
91827,0,0
91836,0,0
93875,10,0
119203,8,0
123367,0,0
123369,0,0
142796,0,0
186625,0,0
186634,5,0
197562,0,0
282425,5,0
436492,2,0
480117,1,0
1206795,0,0
1280412,0,0
1329950,8,0
1489340,7,0
1489341,0,0
1489841,7,0
1489873,7,0
1489875,7,0
1489883,7,0
1489885,7,0
1489911,7,0
1489920,7,0
1683728,10,0
1930602,11,0
1955150,11,0
2172821,11,0
2785011,0,0
2785015,0,0
5794,0,0
6544,0,0
6605,0,0
6657,11,0
6670,11,0
6682,11,0
6854,11,0
6933,11,0
6993,11,0
7001,11,0
7088,0,0
10205,0,0
32440,7,0
33347,11,0
58024,0,0
71240,0,0
72037,11,0
85512,0,0
85604,0,0
88770,0,0
91882,0,0
91888,0,0
123366,0,0
133551,8,0
197563,0,0
436491,2,0
735337,0,0
1206794,0,0
1489838,7,0
1489910,7,0
2605435,0,0
2697495,0,0
2697496,0,0
6599,0,0
7586,8,0
33345,11,0
33630,0,0
72041,11,0
78536,0,0
123365,0,0
436489,2,0
554915,0,0
2172819,11,0
6681,11,0
33343,11,0
436486,2,0
2698737,0,0